No. overall [n 1],No. in season,Title [n 2],Directed by,Written by,Animation directed by,Original release date [n 3],Viewership rating [n 5],Volume,Volume.1,Volume.2,Episodes,Release date,Ref.,"('Volume', 'Volume')","('Volume', 'Volume.1')","('Volume', 'Volume.2')","('Episodes', 'Episodes')","('Release date', 'NA')","('Release date', 'UK & IE')","('Release date', 'AUS & NZ')","('ISBN', 'ISBN')","('Ref.', 'Ref.')",vteOne Piece by Eiichiro Oda,vteOne Piece by Eiichiro Oda.1,vteOne Piece by Eiichiro Oda.2,0,1
1089.0,1.0,"""Entering a New Chapter! Luffy and Sabo's Paths!"" Transliteration: ""Shinshō Totsunyū! Rufi to Sabo no Shinro!"" (Japanese: 新章突入！ルフィとサボの針路！)",Nozomu Shishido,Jin Tanaka,"Ziwei He, Keisuke Mori, Shūichi Itō & Midori Matsuda","January 7, 2024",3.3%[12],,,,,,,,,,,,,,,,,,,,
1090.0,2.0,"""A New Island! Future Island Egghead"" Transliteration: ""Atarashī Shima! Mirai Shima Egguheddo"" (Japanese: 新しい島！未来島エッグヘッド)",Yusuke Suzuki,Tomohiro Nakayama,Masayuki Takagi,"January 14, 2024",3.7%[13],,,,,,,,,,,,,,,,,,,,
1091.0,3.0,"""Brimming with the Future! An Adventure on the Island of Science!"" Transliteration: ""Mirai Mansai! Kagaku no Kuni no Bōken!"" (Japanese: 未来満載！科学の国の冒険！)","Directed by : Shō Matsui Storyboarded by : Shō Matsui, Yasunori Koyama & Satoshi Itō",Shōji Yonemura,Keita Saitō & Kimitaka Itō,"January 21, 2024",3.2%[14],,,,,,,,,,,,,,,,,,,,
1092.0,4.0,"""Bonney's Lamentation! Darkness Lurking on the Future Island"" Transliteration: ""Bonī no Dōkoku! Mirai Shima ni Hisomu Yami"" (Japanese: ボニーの慟哭！未来島に潜む闇)",Katsumi Tokoro,Ryo Yamazaki,Shigefumi Shingaki,"January 28, 2024",3.5%[15],,,,,,,,,,,,,,,,,,,,
1093.0,5.0,"""The Winner Takes All! Law vs. Blackbeard!"" Transliteration: ""Shōsha Sōtori! Rō tai Kurohige!"" (Japanese: 勝者総取り！ローVS（たい）黒ひげ！)",Shō Inuzuka,Atsuhiro Tomioka,Kazuya Hisada & Katsumi Ishizuka,"February 11, 2024",2.9%[16],,,,,,,,,,,,,,,,,,,,
1094.0,6.0,"""The Mystery Deepens! Egghead Labophase"" Transliteration: ""Fukamaru Nazo! Egguheddo Rabofēzu"" (Japanese: 深まる謎！エッグヘッド研究層（ラボフェーズ）)",Yasuhiro Tanabe,Akiko Inoue,Masahiro Kitazaki,"February 18, 2024",3.1%[17],,,,,,,,,,,,,,,,,,,,
1095.0,7.0,"""The Brain of a Genius - Six Vegapunks!"" Transliteration: ""Tensai no Zunō - Roku-nin no Begapanku!"" (Japanese: 天才の頭脳 6（ろく）人のベガパンク！)",Directed by : Eri Hyun Storyboarded by : Masahiro Hosoda & Satoshi Itō,Shinzō Fujita,"Toshio Deguchi, RA Craft & Grand Guerilla","February 25, 2024",3.0%[18],,,,,,,,,,,,,,,,,,,,
1096.0,8.0,"""A Forbidden Piece of History! A Theory Concerning a Kingdom"" Transliteration: ""Kinji Rareta Rekishi! Aru Ōkoku no Kasetsu"" (Japanese: 禁じられた歴史！ある王国の仮説)",Tasuku Shimaya,Jin Tanaka,Masahiro Shimanuki,"March 3, 2024",3.2%[19],,,,,,,,,,,,,,,,,,,,
1097.0,9.0,"""The Will of Ohara! The Inherited Research"" Transliteration: ""Ohara no Ishi! Uketsugareru Kenkyū"" (Japanese: オハラの意志！受け継がれる研究)",Hazuki Omoya,Tomohiro Nakayama,Kenji Yokoyama,"March 17, 2024",3.1%[20],,,,,,,,,,,,,,,,,,,,
1098.0,10.0,"""The Eccentric Dream of a Genius!"" Transliteration: ""Kisō Tengai! Tensai ga Omoiegaku Yume!"" (Japanese: 奇想天外！天才が想い描く夢！)",Toshinori Fukuzawa,Shōji Yonemura,Shūichi Itō,"March 24, 2024",3.1%[21],,,,,,,,,,,,,,,,,,,,
1099.0,11.0,"""Preparations for Interception! Rob Lucci Strikes!"" Transliteration: ""Geigeki Junbi! Robu Rutchi Shūrai!"" (Japanese: 迎撃準備！ロブ・ルッチ襲来！)",Directed by : Kenichi Takeshita Storyboarded by : Kenichi Takeshita & Yutaka Nakashima,Ryo Yamazaki,Masayuki Takagi,"March 31, 2024",2.9%[22],,,,,,,,,,,,,,,,,,,,
1100.0,12.0,"""Powers on a Different Level! Luffy vs. Lucci!"" Transliteration: ""I Jigen no Chikara! Rufi tai Rutchi!"" (Japanese: 異次元の力！ルフィVS（たい）ルッチ！)",Nozomu Shishido,Atsuhiro Tomioka,"Keita Saitō, Kimitaka Itō & Hiroyasu Oda","April 7, 2024",3.0%[23],,,,,,,,,,,,,,,,,,,,
1101.0,13.0,"""The Strongest Form of Humanity! The Seraphim's Powers!"" Transliteration: ""Saikyō no Jinrui! Serafimu no Nōryoku!"" (Japanese: 最強の人類！セラフィムの能力！)",Wataru Matsumi,Akiko Inoue,Yong-Ce Tu & Ziwei He,"April 21, 2024",,,,,,,,,,,,,,,,,,,,,
1102.0,14.0,"""Sinister Schemes! The Operation to Escape Egghead"" Transliteration: ""Ugomeku Inbō! Egguheddo Dasshutsu Sakusen"" (Japanese: 蠢く陰謀！エッグヘッド脱出作戦)",Yusuke Suzuki,Shinzō Fujita,Shigefumi Shingaki,"April 28, 2024",2.6%[24],,,,,,,,,,,,,,,,,,,,
1103.0,15.0,"""Turn Back My Father! Bonney's Futile Wish!"" Transliteration: ""Chichi o Modose! Hakanaki Bonī no Negai!"" (Japanese: 父を戻せ！儚きボニーの願い！)",Katsumi Tokoro,Jin Tanaka,Kazuya Hisada,"May 5, 2024",2.6%[25],,,,,,,,,,,,,,,,,,,,
1104.0,16.0,"""A Desperate Situation! The Seraphim's All-out Attack!"" Transliteration: ""Zettai Zetsumei! Serafimu Sō Kōgeki!"" (Japanese: 絶体絶命！セラフィム総攻撃！)","Directed by : Shō Matsui Storyboarded by : Shō Matsui, Yasunori Koyama & Shō Inuzuka",Tomohiro Nakayama,Masahiro Kitazaki,"May 12, 2024",2.7%[26],,,,,,,,,,,,,,,,,,,,
1105.0,17.0,"""A Beautiful Act of Treason! The Spy, Stussy!"" Transliteration: ""Uruwashiki Hangyaku! Naitsū-sha Sutyūshī"" (Japanese: 麗しき反逆！内通者ステューシー)",Hazuki Omoya,Shōji Yonemura,"Toshio Deguchi, RA Craft & Grand Guerilla","May 19, 2024",2.9%[27],,,,,,,,,,,,,,,,,,,,
1106.0,18.0,"""Trouble Occurs! Seek Dr. Vegapunk!"" Transliteration: ""Ijō Hassei! Sagase! Dokutā Begapanku"" (Japanese: 異常発生！探せ！Dr.（ドクター）ベガパンク)",Directed by : Eri Hyun Storyboarded by : Yasunori Koyama & Eri Hyun,Ryo Yamazaki,Eisaku Inoue,"May 26, 2024",2.8%[28],,,,,,,,,,,,,,,,,,,,
1107.0,19.0,"""A Shudder! The Evil Hand Creeping Up on the Laboratory"" Transliteration: ""Senritsu! Kenkyūjo e Shinobiyoru Ma no Te"" (Japanese: 戦慄！研究所へ忍び寄る魔の手)",Tasuku Shimaya,Akiko Inoue,Kenji Yokoyama,"June 2, 2024",2.7%[29],,,,,,,,,,,,,,,,,,,,
1108.0,20.0,"""Incomprehensible! The Seraphim's Rebellion!"" Transliteration: ""Rikai Funō! Serafimu no Hangyaku!"" (Japanese: 理解不能！セラフィムの反逆！)",Directed by : Atsuo Yamai Storyboarded by : Tatsuya Nagamine,Shinzō Fujita,Masahiro Shimanuki,"June 9, 2024",2.8%[30],,,,,,,,,,,,,,,,,,,,
1109.0,21.0,"""A Tough Decision! An Unusual United Front!"" Transliteration: ""Kujū no Ketsudan! Ishoku no Kyōtō Sensen!"" (Japanese: 苦渋の決断！異色の共闘戦線！)",Directed by : Nanami Michibata Storyboarded by : Masahiro Hosoda & Nanami Michibata,Jin Tanaka,Masayuki Takagi,"June 23, 2024",3.5%[31],,,,,,,,,,,,,,,,,,,,
1110.0,22.0,"""Survive! Deadly Combat with the Strongest Form of Humanity!"" Transliteration: ""Ikinokore! Saikyō no Jinrui to no Shitō"" (Japanese: 生き残れ！最強の人類との死闘)",Katsumi Tokoro,Tomohiro Nakayama,Shūichi Itō & Nobuyuki Iwai,"June 30, 2024",2.7%[32],,,,,,,,,,,,,,,,,,,,
1111.0,23.0,"""The Second Ohara! The Mastermind's Ambition!"" Transliteration: ""Ohara no Sairai! Kuromaku no Yabō!"" (Japanese: オハラの再来！黒幕の野望！)",Toshinori Fukuzawa,Shōji Yonemura,"Keita Saitō, Kimitaka Itō & Keisuke Mori","July 7, 2024",2.9%[33],,,,,,,,,,,,,,,,,,,,
1112.0,24.0,"""Clash! Shanks vs. Eustass Kid"" Transliteration: ""Gekitotsu! Shankusu tai Yūsutasu Kiddo"" (Japanese: 激突！シャンクスVS（たい）ユースタス・キッド)",Wataru Matsumi,Ryo Yamazaki,Yong-Ce Tu & Ziwei He,"July 14, 2024",3.1%[34],,,,,,,,,,,,,,,,,,,,
1113.0,25.0,"""Run, Koby! A Desperate Escape Strategy!"" Transliteration: ""Hashire Kobī! Kesshi no Dasshutsu Sakusen!"" (Japanese: 走れコビー！決死の脱出作戦！)",Yusuke Suzuki,Atsuhiro Tomioka,Shigefumi Shingaki & Toshio Deguchi,"July 28, 2024",2.7%[35],,,,,,,,,,,,,,,,,,,,
1114.0,26.0,"""For the Beloved Pupil - The Fist of Vice Admiral Garp!"" Transliteration: ""Manadeshi no Tame - Gāpu Chūjō no Genkotsu!"" (Japanese: 愛弟子のため ガープ中将の拳骨！)",Hazuki Omoya,Akiko Inoue,Kazuya Hisada & Hone Hone,"August 4, 2024",2.7%[36],,,,,,,,,,,,,,,,,,,,
1115.0,27.0,"""The Navy Surprised! The Navy Headquarters' Former Admiral, Kuzan"" Transliteration: ""Kaigun Kyōgaku! Moto Kaigun Honbu Taishō Kuzan"" (Japanese: 海軍驚愕！元海軍本部大将クザン)",Nozomu Shishido,Shinzō Fujita,"Masahiro Kitazaki, Hiroyasu Oda, Hone Hone, RA Craft & Grand Guerrilla","August 11, 2024",2.7%[37],,,,,,,,,,,,,,,,,,,,
1116.0,28.0,"""Let's Go Get It! Buggy's Big Declaration"" Transliteration: ""Tori ni Ikō ze! Bagī no Dai Sengen"" (Japanese: 取りに行こうぜ！バギーの大宣言)",Directed by : Eri Hyun Storyboarded by : Satoshi Itō & Eri Hyun,Jin Tanaka,Eisaku Inoue,"August 18, 2024",2.9%[38],,,,,,,,,,,,,,,,,,,,
1117.0,29.0,"""Sabo Returns - The Shocking Truth to Be Told!"" Transliteration: ""Sabo no Kikan - Katarareru Shōgeki no Shinjitsu!"" (Japanese: サボの帰還 語られる衝撃の真実！)",Directed by : Tasuku Shimaya Storyboarded by : Hazuki Omoya & Tasuku Shimaya,Tomohiro Nakayama,Kenji Yokoyama,"September 1, 2024",2.8%[39],,,,,,,,,,,,,,,,,,,,
1118.0,30.0,"""The Holy Land in Tumult! Sai and Leo's Full-Power Blow!"" Transliteration: ""Seichi Sōzen! Sai to Reo Konshin no Ichigeki!"" (Japanese: 聖地騒然！サイとレオ渾身の一撃！)",Kenichi Takeshita,Shōji Yonemura,Masayuki Takagi,"September 8, 2024",2.5%[40],,,,,,,,,,,,,,,,,,,,
1119.0,31.0,"""The Entrusted Message! King Cobra's Resolve"" Transliteration: ""Takusareta Messēji! Kobura-Ō no Kakugo"" (Japanese: 託された伝言（メッセージ）！コブラ王の覚悟)",Yasuhiro Tanabe,Atsuhiro Tomioka,Ziwei He & Masahiro Shimanuki,"September 15, 2024",2.5%[41],,,,,,,,,,,,,,,,,,,,
1120.0,32.0,"""The World Is Shaken! The Ruler's Judgment and the Five Elders' Actions!"" Transliteration: ""Yuragu Sekai! Shihai-sha no Shinpan to Gorōsei no Shidō!"" (Japanese: 揺らぐ世界！支配者の審判と五老星の始動！)",Katsumi Tokoro,Atsuhiro Tomioka,Shūichi Itō & Toshio Deguchi,"September 22, 2024",2.8%[42],,,,,,,,,,,,,,,,,,,,
1121.0,33.0,"""Garp and Kuzan - A Master and a Pupil's Beliefs Clash"" Transliteration: ""Gāpu to Kuzan - Shōtotsu Suru Shitei no Seigi"" (Japanese: ガープとクザン 衝突する師弟の正義)",Directed by : Shō Matsui Storyboarded by : Toshinori Fukuzawa & Shō Matsui,Akiko Inoue,Masahiro Kitazaki & Yong-Ce Tu,"October 6, 2024",2.5%[43],,,,,,,,,,,,,,,,,,,,
1122.0,34.0,"""The Last Lesson! Impact Inherited"" Transliteration: ""Saigo no Oshie! Uketsugareta Inpakuto"" (Japanese: 最後の教え！受け継がれた拳骨（インパクト）)",Yasunori Koyama,Shinzō Fujita,"Kazuya Hisada, Keita Saitō, Katsumi Ishizuka, Hiroyasu Oda & Chiharu Akakura","October 13, 2024",2.5%[44],,,,,,,,,,,,,,,,,,,,
1123.0,35.0,"""The World Shakes! The Straw Hats' Hostage Situation"" Transliteration: ""Sekai Shinkan! Mugiwara no Ichimi Tatekomori Jiken"" (Japanese: 世界震撼！麦わらの一味立てこもり事件)",Satoshi Itō,Shōji Yonemura,Kenji Yokoyama,"April 5, 2025",3.9%[45],,,,,,,,,,,,,,,,,,,,
1124.0,36.0,"""Completely Surrounded! The Operation to Escape Egghead"" Transliteration: ""Zenmen Hōi! Egguheddo Dasshutsu Sakusen"" (Japanese: 全面包囲！エッグヘッド脱出作戦)",Aimi Yamauchi,Jin Tanaka,Eisaku Inoue,"April 6, 2025",3.7%[45],,,,,,,,,,,,,,,,,,,,
1125.0,37.0,"""A Clash of Two Men's Determination! Kizaru and Sentomaru"" Transliteration: ""Butsukaru Otoko no Kakugo! Kizaru to Sentomaru"" (Japanese: ぶつかる男の覚悟！黄猿と戦桃丸)",Yasushi Tomoda,Tomohiro Nakayama,Masayuki Takagi & Katsumi Ishizuka,"April 13, 2025",3.1%[46],,,,,,,,,,,,,,,,,,,,
1126.0,38.0,"""Looming Despair! Admiral Kizaru's Depressing Mission"" Transliteration: ""Semaru Zetsubō! Taishō Kizaru no Yūutsuna Ninmu"" (Japanese: 迫る絶望！大将黄猿の憂鬱な任務)",Hazuki Omoya,Atsuhiro Tomioka,Toshio Deguchi & Masahiro Kitazaki,"April 20, 2025",2.8%[47],,,,,,,,,,,,,,,,,,,,
1127.0,39.0,"""Luffy vs. Kizaru! A Fierce Kaleidoscopic Battle"" Transliteration: ""Rufi bāsasu Kizaru! Hengen Jizai no Dai Gekisen"" (Japanese: ルフィVS（バーサス）黄猿！変幻自在の大激戦)",Wataru Matsumi,Akiko Inoue,Yong-Ce Tu & Ziwei He,"April 27, 2025",2.9%[48],,,,,,,,,,,,,,,,,,,,
1128.0,40.0,"""The Nightmare Strikes - Godhead of Science & Defense, St. Saturn"" Transliteration: ""Akumu Shūrai - Kagaku Bōei Bushin Satān-sei"" (Japanese: 悪夢襲来 科学防衛武神サターン聖)",Nozomu Shishido,Shinzō Fujita,Shin Kashiwaguma,"May 4, 2025",3.2%[49],,,,,,,,,,,,,,,,,,,,
1129.0,41.0,"""Kuma's Past - Better Off Dead in This World"" Transliteration: ""Kuma no Kako - Shinda Hō ga ī Sekai"" (Japanese: くまの過去 死んだ方がいい世界)",Tasuku Shimaya,Shōji Yonemura,"Keita Saitō, Kimitaka Itō, Rina Fujii, Ririka Fukatani, Katsumi Ishizuka & Neru Takuyama","May 18, 2025",2.9%[50],,,,,,,,,,,,,,,,,,,,
1130.0,42.0,"""A History Erased! God Valley of Despair"" Transliteration: ""Kesa-reta Rekishi! Zetsubō no Goddo Barē"" (Japanese: 消された歴史！絶望のゴッドバレー)",Eri Hyun,Jin Tanaka,Kazuya Hisada,"May 25, 2025",2.7%[51],,,,,,,,,,,,,,,,,,,,
1131.0,43.0,"""A Fleeting Moment of Happiness - Kumachi and Ginny"" Transliteration: ""Hitotoki no Shiawase - Kumachī to Jinī"" (Japanese: ひとときの幸せ くまちーとジニー)",Katsumi Tokoro,Tomohiro Nakayama,Masahiro Kitazaki,"June 1, 2025",2.9%[52],,,,,,,,,,,,,,,,,,,,
1132.0,44.0,"""A Pledge to Ginny - Kuma Becomes a Father"" Transliteration: ""Jinī e no Chikai - Chichi to Natta Kuma"" (Japanese: ジニーへの誓い 父となったくま)",Shō Inuzuka,Ryo Yamazaki,Shigefumi Shingaki & Shūichi Itō,"June 8, 2025",,,,,,,,,,,,,,,,,,,,,
1133.0,45.0,"""To Save His Daughter - Kuma the Timid Pacifist"" Transliteration: ""Bonī o Sukue - Kiyowana ""Pashifisuta"" Kuma"" (Japanese: 娘（ボニー）を救え 気弱な〝平和主義者（パシフィスタ）〟くま)",Toshinori Fukuzawa,Atsuhiro Tomioka,Eisaku Inoue,"June 15, 2025",2.7%[53],,,,,,,,,,,,,,,,,,,,
1134.0,46.0,"""Cruel Fate - Kuma's Decision as a Father"" Transliteration: ""Hijō-naru Unmei - Chichi Kuma no Ketsudan"" (Japanese: 非情なる運命 父くまの決断)",Hazuki Omoya,Akiko Inoue,Masayuki Takagi & Toshio Deguchi,"June 29, 2025",2.8%[54],,,,,,,,,,,,,,,,,,,,
1135.0,47.0,"""To the Sea Where My Father Is! The Future Bonney Chooses"" Transliteration: ""Chichi no Iru Umi e! Bonī ga Erabu Mirai"" (Japanese: 父のいる海へ！ボニーが選ぶ未来)",Directed by : Shō Matsui & Wataru Matsumi Storyboarded by : Shō Matsui,Shinzō Fujita,Kenji Yokoyama,"July 6, 2025",3.7%[55],,,,,,,,,,,,,,,,,,,,
1136.0,48.0,"""Kuma's Life"" Transliteration: ""Kuma no Jinsei"" (Japanese: くまの人生)",Yasunori Koyama,Shōji Yonemura,"Hiroto Saitō, Kimitaka Itō & Masayuki Satō","July 13, 2025",2.7%[56],,,,,,,,,,,,,,,,,,,,
1137.0,49.0,"""I'm Sorry, Dad - Bonney's Tears and Kuma's Fist"" Transliteration: ""Gomen ne, Otōsan - Bonī no Namida to Kuma no Koboshi"" (Japanese: ごめんね、お父さん ボニーの涙とくまの拳)",Wataru Matsumi,Jin Tanaka,Yong-Ce Tu & Ziwei He,"July 27, 2025",2.7%[57],,,,,,,,,,,,,,,,,,,,
1138.0,50.0,"""Thank You, Dad - Bonney and Kuma's Warm Embrace"" Transliteration: ""Arigatō, Otōsan - Bonī to Kuma no Atsuki Hōyō"" (Japanese: ありがとう、お父さん ボニーとくまの熱き抱擁)",Directed by : Tomohiro Higashi Storyboarded by : Katsumi Tokoro,Tomohiro Nakayama,Masahiro Kitazaki,"August 3, 2025",2.6%[58],,,,,,,,,,,,,,,,,,,,
1139.0,51.0,"""Destroy Egghead - The Buster Call Is Invoked"" Transliteration: ""Egguheddo o Hakai Seyo - Basutā Kōru Hatsudō"" (Japanese: 未来島（エッグヘッド）を破壊せよ バスターコール発動)",Yusuke Suzuki,Ryo Yamazaki,Kazuya Hisada,"August 10, 2025",2.6%[59],,,,,,,,,,,,,,,,,,,,
1140.0,52.0,"""An Admired Hero - The Warrior of Liberation Who Saves Bonney"" Transliteration: ""Akogare no Hīrō - Bonī o Sukuu Kaihō no Senshi"" (Japanese: 憧れのヒーロー ボニーを救う解放の戦士)",Yasuhiro Tanabe,Atsuhiro Tomioka,Nobuyuki Iwai & Keita Saitō,"August 17, 2025",2.3%[60],,,,,,,,,,,,,,,,,,,,
1141.0,53.0,"""Reliable Reinforcements! Dorry and Brogy Arrive!"" Transliteration: ""Tanomoshiki Engun! Dorī to Burogī Tōchaku!"" (Japanese: 頼もしき援軍！ドリーとブロギー到着！)",Eri Hyun,Akiko Inoue,"Shigefumi Shingaki, Shūichi Itō & Zhi Guang Liu","August 24, 2025",2.7%[61],,,,,,,,,,,,,,,,,,,,
1142.0,54.0,"""Come In, World - Vegapunk's Message"" Transliteration: ""Ōtō Seyo, Sekai - Begapanku no Messēji"" (Japanese: 応答せよ、世界 ベガパンクのメッセージ)",Directed by : Atsuo Yamai Storyboarded by : Miho Hirayama,Shinzō Fujita,Eisaku Inoue,"September 7, 2025",2.8%[62],,,,,,,,,,,,,,,,,,,,
1143.0,55.0,"""Vegapunk's Secret Plan - A Tense Worldwide Broadcast"" Transliteration: ""Begapanku no Hisaku - Kinpaku no Zen Sekai Haishin"" (Japanese: ベガパンクの秘策 緊迫の全世界配信)",Hazuki Omoya,Shōji Yonemura,Toshio Deguchi & Yuki Yoshida,"September 14, 2025",2.3%[63],,,,,,,,,,,,,,,,,,,,
1144.0,56.0,"""The Worst Nightmare - The Five Elders Come Together"" Transliteration: ""Saikyō no Akumu - ""Gorōsei"" Shūketsu"" (Japanese: 最凶の悪夢 ｢五老星｣集結)",Toshinori Fukuzawa,Jin Tanaka,"Shin Kashiwaguma, Katsumi Ishizuka & Yong-Ce Tu","September 21, 2025",2.6%[64],,,,,,,,,,,,,,,,,,,,
1145.0,57.0,"""Friends Fight Together! Luffy and the Warriors of Elbaph"" Transliteration: ""Dachi to no Kyōtō! Rufi to Erubafu no Senshi"" (Japanese: 友達（ダチ）との共闘！ルフィとエルバフの戦士)",Kenichi Takeshita,Tomohiro Nakayama,Masayuki Takagi,"September 28, 2025",2.6%[65],,,,,,,,,,,,,,,,,,,,
1146.0,58.0,"""An Imminent Threat - Stussy and Edison's Resolve"" Transliteration: ""Osoi-kuru Kyōi - Sutyūshī to ""Ejison"" no Ketsui"" (Japanese: 襲い来る脅威 ステューシーと｢想（エジソン）｣の決意)",Shō Inuzuka,Ryo Yamazaki,Kenji Yokoyama,"October 19, 2025",2.8%[66],,,,,,,,,,,,,,,,,,,,
1147.0,59.0,"""A Stunning Conclusion - Vegapunk's Great Prediction"" Transliteration: ""Kyōgaku no Ketsuron - Begapanku no Dai Yogen"" (Japanese: 驚愕の結論 ベガパンクの大予言)",Katsumi Tokoro,Atsuhiro Tomioka,Masahiro Kitazaki,"October 26, 2025",3.1%[67],,,,,,,,,,,,,,,,,,,,
1148.0,60.0,"""The Lost History - Joy Boy, the First Pirate"" Transliteration: ""Maboroshi no Rekishi - Hajimari no Kaizoku Joi Bōi"" (Japanese: 幻の歴史 はじまりの海賊ジョイボーイ)",Yusuke Suzuki,Akiko Inoue,Kazuya Hisada,"November 2, 2025",2.8%[68],,,,,,,,,,,,,,,,,,,,
1149.0,61.0,"""The Void Century - A Revelation About a Sinking World"" Transliteration: ""Kūhaku no Hyaku-nen - Sekai Chinbotsu no Shinjitsu"" (Japanese: 空白の100（ひゃく）年 世界沈没の真実)",Shō Matsui,Shinzō Fujita,Hiroto Saitō & Yuki Yoshida,"November 9, 2025",3.4%[69],,,,,,,,,,,,,,,,,,,,
1150.0,62.0,"""Get the Ship Moving! The Iron Giant Activates"" Transliteration: ""Fune o Dase! ""Tetsu no Kyojin"" Shidō"" (Japanese: 船を出せ！〝鉄の巨人〟始動)",Directed by : Tomohiro Higashi Storyboarded by : Miho Hirayama,Shōji Yonemura,"Eisaku Inoue, Keita Saitō & Kimitaka Itō","November 16, 2025",2.8%[70],,,,,,,,,,,,,,,,,,,,
1151.0,63.0,"""Her and Her Father's Dream! Bonney's Free Future"" Transliteration: ""Chichi to Egaita Yume! Bonī no Jiyūna Mirai"" (Japanese: 父と描いた夢！ボニーの自由な未来)",Directed by : Eri Hyun Storyboarded by : Aya Komaki & Eri Hyun,Jin Tanaka,Masahiro Shimanuki & Zhi Guang Liu,"November 30, 2025",2.8%[71],,,,,,,,,,,,,,,,,,,,
1152.0,64.0,"""Her Father and Mother's Legacy! Bonney's Nika Punch"" Transliteration: ""Chichi to Haha no Omoi! Bonī no Nika Panchi"" (Japanese: 父と母の想い！ボニーの解放の拳（ニカパンチ）)",Nozomu Shishido,Tomohiro Nakayama,Yong-Ce Tu & Ziwei He,"December 7, 2025",2.8%[72],,,,,,,,,,,,,,,,,,,,
1153.0,65.0,"""The Upheaval of an Era! The Color of the Supreme King That Leads Luffy"" Transliteration: ""Jidai no Uneri! Rufi o Michibiku Haōshoku"" (Japanese: 時代のうねり！ルフィを導く覇王色)",Hazuki Omoya,Ryo Yamazaki,Toshio Deguchi & Runze Wang,"December 14, 2025",TBD,,,,,,,,,,,,,,,,,,,,
1154.0,66.0,"""The Truth Behind the Secret Plan - Vegapunk Claims Victory"" Transliteration: ""Hisaku no Shinsō - Begapanku no Shōri Sengen"" (Japanese: 秘策の真相 ベガパンクの勝利宣言)",Satoshi Itō,Atsuhiro Tomioka,Masahiro Kitazaki & Shigefumi Shingaki,"December 21, 2025",TBD,,,,,,,,,,,,,,,,,,,,
1155.0,67.0,"""The Promised Horizon - Off to the Long-Awaited Elbaph!"" Transliteration: ""Yakusoku no Suihei-sen - Iza Nengan no Erubafu e!"" (Japanese: 約束の水平線 いざ念願のエルバフへ！)",TBA,TBA,TBA,"December 28, 2025",TBD,,,,,,,,,,,,,,,,,,,,
,,,,,,,,,20THシーズン ワノ国編,piece.1,"892–894, 897","January 8, 2020",[73],,,,,,,,,,,,,,
,,,,,,,,,20THシーズン ワノ国編,piece.2,898–901,"February 5, 2020",[74],,,,,,,,,,,,,,
,,,,,,,,,20THシーズン ワノ国編,piece.3,902–905,"March 4, 2020",[75],,,,,,,,,,,,,,
,,,,,,,,,20THシーズン ワノ国編,piece.4,"906, 908–910","April 1, 2020",[76],,,,,,,,,,,,,,
,,,,,,,,,20THシーズン ワノ国編,piece.5,911–914,"May 8, 2020",[77],,,,,,,,,,,,,,
,,,,,,,,,20THシーズン ワノ国編,piece.6,915–918,"June 3, 2020",[78],,,,,,,,,,,,,,
,,,,,,,,,20THシーズン ワノ国編,piece.7,919–922,"July 1, 2020",[79],,,,,,,,,,,,,,
,,,,,,,,,20THシーズン ワノ国編,piece.8,923–926,"August 5, 2020",[80],,,,,,,,,,,,,,
,,,,,,,,,20THシーズン ワノ国編,piece.9,927–930,"September 2, 2020",[81],,,,,,,,,,,,,,
,,,,,,,,,20THシーズン ワノ国編,piece.10,931–934,"October 7, 2020",[82],,,,,,,,,,,,,,
,,,,,,,,,20THシーズン ワノ国編,piece.11,935–938,"November 4, 2020",[83],,,,,,,,,,,,,,
,,,,,,,,,20THシーズン ワノ国編,piece.12,939–942,"December 2, 2020",[84],,,,,,,,,,,,,,
,,,,,,,,,20THシーズン ワノ国編,piece.13,943–946,"January 6, 2021",[85],,,,,,,,,,,,,,
,,,,,,,,,20THシーズン ワノ国編,piece.14,947–950,"February 3, 2021",[86],,,,,,,,,,,,,,
,,,,,,,,,20THシーズン ワノ国編,piece.15,951–954,"March 3, 2021",[87],,,,,,,,,,,,,,
,,,,,,,,,20THシーズン ワノ国編,piece.16,955–958,"April 7, 2021",[88],,,,,,,,,,,,,,
,,,,,,,,,20THシーズン ワノ国編,piece.17,959–962,"May 7, 2021",[89],,,,,,,,,,,,,,
,,,,,,,,,20THシーズン ワノ国編,piece.18,963–966,"June 2, 2021",[90],,,,,,,,,,,,,,
,,,,,,,,,20THシーズン ワノ国編,piece.19,967–970,"July 7, 2021",[91],,,,,,,,,,,,,,
,,,,,,,,,20THシーズン ワノ国編,piece.20,971–974,"August 4, 2021",[92],,,,,,,,,,,,,,
,,,,,,,,,20THシーズン ワノ国編,piece.21,975–978,"September 1, 2021",[93],,,,,,,,,,,,,,
,,,,,,,,,20THシーズン ワノ国編,piece.22,979–982,"October 6, 2021",[94],,,,,,,,,,,,,,
,,,,,,,,,20THシーズン ワノ国編,piece.23,983–986,"November 3, 2021",[95],,,,,,,,,,,,,,
,,,,,,,,,20THシーズン ワノ国編,piece.24,987–990,"December 1, 2021",[96],,,,,,,,,,,,,,
,,,,,,,,,20THシーズン ワノ国編,piece.25,991–994,"January 5, 2022",[97],,,,,,,,,,,,,,
,,,,,,,,,20THシーズン ワノ国編,piece.26,995–998,"February 2, 2022",[98],,,,,,,,,,,,,,
,,,,,,,,,20THシーズン ワノ国編,piece.27,999–1002,"March 2, 2022",[99],,,,,,,,,,,,,,
,,,,,,,,,20THシーズン ワノ国編,piece.28,"1003–1005, SP–1","April 6, 2022",[100],,,,,,,,,,,,,,
,,,,,,,,,20THシーズン ワノ国編,piece.29,1006–1009,"May 4, 2022",[100],,,,,,,,,,,,,,
,,,,,,,,,20THシーズン ワノ国編,piece.30,1010–1013,"June 8, 2022",[100],,,,,,,,,,,,,,
,,,,,,,,,20THシーズン ワノ国編,piece.31,"1014–1016, SP–2","July 6, 2022",[100],,,,,,,,,,,,,,
,,,,,,,,,20THシーズン ワノ国編,piece.32,1017–1020,"August 3, 2022",[100],,,,,,,,,,,,,,
,,,,,,,,,20THシーズン ワノ国編,piece.33,"1021–1023, SP–3","September 7, 2022",[100],,,,,,,,,,,,,,
,,,,,,,,,20THシーズン ワノ国編,piece.34,1024–1027,"October 5, 2022",[100],,,,,,,,,,,,,,
,,,,,,,,,20THシーズン ワノ国編,piece.35,"1028, 1031–1032","November 2, 2022",[100],,,,,,,,,,,,,,
,,,,,,,,,20THシーズン ワノ国編,piece.36,1033–1035,"December 7, 2022",[100],,,,,,,,,,,,,,
,,,,,,,,,20THシーズン ワノ国編,piece.37,"1036–1037, SP–5","January 11, 2023",[100],,,,,,,,,,,,,,
,,,,,,,,,20THシーズン ワノ国編,piece.38,1038–1040,"February 1, 2023",[101],,,,,,,,,,,,,,
,,,,,,,,,20THシーズン ワノ国編,piece.39,1041–1043,"March 1, 2023",[102],,,,,,,,,,,,,,
,,,,,,,,,20THシーズン ワノ国編,piece.40,"1044–1045, SP–6","April 5, 2023",[103],,,,,,,,,,,,,,
,,,,,,,,,20THシーズン ワノ国編,piece.41,1046–1048,"May 10, 2023",[104],,,,,,,,,,,,,,
,,,,,,,,,20THシーズン ワノ国編,piece.42,1049–1051,"June 7, 2023",[105],,,,,,,,,,,,,,
,,,,,,,,,20THシーズン ワノ国編,piece.43,1052–1054,"July 5, 2023",[106],,,,,,,,,,,,,,
,,,,,,,,,20THシーズン ワノ国編,piece.44,1055–1057,"August 2, 2023",[107],,,,,,,,,,,,,,
,,,,,,,,,20THシーズン ワノ国編,piece.45,1058–1060,"September 6, 2023",[108],,,,,,,,,,,,,,
,,,,,,,,,20THシーズン ワノ国編,piece.46,"1061–1062, SP–7","October 4, 2023",[109],,,,,,,,,,,,,,
,,,,,,,,,20THシーズン ワノ国編,piece.47,"1067–1067, SP–8","November 1, 2023",[110],,,,,,,,,,,,,,
,,,,,,,,,20THシーズン ワノ国編,piece.48,1063–1065,"December 6, 2023",[111],,,,,,,,,,,,,,
,,,,,,,,,20THシーズン ワノ国編,piece.49,1068–1070,"January 10, 2024",[112],,,,,,,,,,,,,,
,,,,,,,,,20THシーズン ワノ国編,piece.50,1071–1073,"February 7, 2024",[113],,,,,,,,,,,,,,
,,,,,,,,,20THシーズン ワノ国編,piece.51,"1074–1075, SP–9","March 6, 2024",[114],,,,,,,,,,,,,,
,,,,,,,,,20THシーズン ワノ国編,piece.52,1076–1078,"April 3, 2024",[115],,,,,,,,,,,,,,
,,,,,,,,,20THシーズン ワノ国編,piece.53,"SP-10, 1079–1081","May 8, 2024",[116],,,,,,,,,,,,,,
,,,,,,,,,20THシーズン ワノ国編,piece.54,1082–1085,"June 5, 2024",[117],,,,,,,,,,,,,,
,,,,,,,,,20THシーズン ワノ国編,piece.55,"1086–1088, SP-11","July 3, 2024",[118],,,,,,,,,,,,,,
,,,,,,,,,21STシーズン ワノ国編,piece.1,1089–1091,"August 7, 2024",[119],,,,,,,,,,,,,,
,,,,,,,,,21STシーズン ワノ国編,piece.2,1092–1093 + SP–1,"September 4, 2024",[120],,,,,,,,,,,,,,
,,,,,,,,,21STシーズン ワノ国編,piece.3,1094–1096,"October 2, 2024",[121],,,,,,,,,,,,,,
,,,,,,,,,21STシーズン ワノ国編,piece.4,1097–1099,"November 6, 2024",[122],,,,,,,,,,,,,,
,,,,,,,,,21STシーズン ワノ国編,piece.5,1100–1101 + SP–2,"December 4, 2024",[123],,,,,,,,,,,,,,
,,,,,,,,,21STシーズン ワノ国編,piece.6,1102–1104,"January 8, 2025",[124],,,,,,,,,,,,,,
,,,,,,,,,21STシーズン ワノ国編,piece.7,1105–1107,"February 5, 2025",[125],,,,,,,,,,,,,,
,,,,,,,,,21STシーズン ワノ国編,piece.8,1108–1109 + SP–3,"March 5, 2025",[126],,,,,,,,,,,,,,
,,,,,,,,,21STシーズン ワノ国編,piece.9,1110–1112,"April 2, 2025",[127],,,,,,,,,,,,,,
,,,,,,,,,21STシーズン ワノ国編,piece.10,1113–1115,"May 7, 2025",[128],,,,,,,,,,,,,,
,,,,,,,,,21STシーズン ワノ国編,piece.11,1116–1117 + SP–4,"June 4, 2025",[129],,,,,,,,,,,,,,
,,,,,,,,,21STシーズン ワノ国編,piece.12,1118–1120,"July 2, 2025",[130],,,,,,,,,,,,,,
,,,,,,,,,21STシーズン ワノ国編,piece.13,1121–1122 + SP–5,"August 6, 2025",[131],,,,,,,,,,,,,,
,,,,,,,,,21STシーズン ワノ国編,piece.14,1123–1125,"September 3, 2025",[132],,,,,,,,,,,,,,
,,,,,,,,,21STシーズン ワノ国編,piece.15,1126–1128,"October 1, 2025",[133],,,,,,,,,,,,,,
,,,,,,,,,21STシーズン ワノ国編,piece.16,1129–1130 + SP–8,"November 3, 2025",[134],,,,,,,,,,,,,,
,,,,,,,,,21STシーズン ワノ国編,piece.17,1131–1133,"December 3, 2025",[135],,,,,,,,,,,,,,
,,,,,,,,,21STシーズン ワノ国編,piece.18,1134-1135 + SP-9,"January 7, 2026",[136],,,,,,,,,,,,,,
,,,,,,,,,21STシーズン ワノ国編,piece.19,1136-1138,"February 4, 2026",[137],,,,,,,,,,,,,,
,,,,,,,,,21STシーズン ワノ国編,piece.20,1139-1141,"March 4, 2026",[138],,,,,,,,,,,,,,
,,,,,,,,,ROMANCE DAWN,ROMANCE DAWN,"1, 907","January 24, 2020",[139],,,,,,,,,,,,,,
,,,,,,,,,映画連動特別編「ONE PIECE STAMPEDE 前日譚」,映画連動特別編「ONE PIECE STAMPEDE 前日譚」,895–896,"February 28, 2020",[139],,,,,,,,,,,,,,
,,,,,,,,,ONE PIECE Log Collection,"""WANOKUNI""","892–894, 897–905","June 24, 2022",[140],,,,,,,,,,,,,,
,,,,,,,,,ONE PIECE Log Collection,"""KIN'EMON""","906, 908–917","July 29, 2022",[141],,,,,,,,,,,,,,
,,,,,,,,,ONE PIECE Log Collection,"""HANANOMIYAKO""",918–929,"August 26, 2022",[142],,,,,,,,,,,,,,
,,,,,,,,,ONE PIECE Log Collection,"""UDON""",930–943,"September 30, 2022",[143],,,,,,,,,,,,,,
,,,,,,,,,ONE PIECE Log Collection,"""HIYORI""",944–956,"October 28, 2022",[144],,,,,,,,,,,,,,
,,,,,,,,,ONE PIECE Log Collection,"""KURI""",957–965,"June 30, 2023",[145],,,,,,,,,,,,,,
,,,,,,,,,ONE PIECE Log Collection,"""ODEN""",966–976,"July 28, 2023",[146],,,,,,,,,,,,,,
,,,,,,,,,ONE PIECE Log Collection,"""JINBE""",977–989,"August 25, 2023",[147],,,,,,,,,,,,,,
,,,,,,,,,ONE PIECE Log Collection,"""YAMATO""",990–1004,"September 29, 2023",[148],,,,,,,,,,,,,,
,,,,,,,,,ONE PIECE Log Collection,"""KORIONI""",1005–1018,"June 26, 2024",[149],,,,,,,,,,,,,,
,,,,,,,,,ONE PIECE Log Collection,"""KAIDOU""",1019–1033,"July 31, 2024",[150],,,,,,,,,,,,,,
,,,,,,,,,ONE PIECE Log Collection,"""DEMON""",1034–1045,"August 28, 2024",[151],,,,,,,,,,,,,,
,,,,,,,,,ONE PIECE Log Collection,"""QUEEN""",1046–1055,"June 25, 2025",[152],,,,,,,,,,,,,,
,,,,,,,,,ONE PIECE Log Collection,"""KING""",1056–1067,"July 30, 2025",[153],,,,,,,,,,,,,,
,,,,,,,,,ONE PIECE Log Collection,"""GEAR5""",1068–1077,"August 27, 2025",[154],,,,,,,,,,,,,,
,,,,,,,,,ONE PIECE Log Collection,"""MOMONOSUKE""",1078–1088,"September 24, 2025",[155],,,,,,,,,,,,,,
,,,,,,,,,,,,,,,Season Fourteen,Voyage One,892–903,"December 10, 2024",,,ISBN N/A,[159],,,,,
,,,,,,,,,,,,,,,Season Fourteen,Voyage Two,904–916,"February 4, 2025",,,ISBN N/A,[160],,,,,
,,,,,,,,,,,,,,,Season Fourteen,Voyage Three,917–928,"March 25, 2025",,,ISBN N/A,[161],,,,,
,,,,,,,,,,,,,,,Season Fourteen,Voyage Four,929–940,"May 27, 2025",,,ISBN N/A,[162],,,,,
,,,,,,,,,,,,,,,Season Fourteen,Voyage Five,941–952,"June 24, 2025",,,ISBN N/A,[163],,,,,
,,,,,,,,,,,,,,,Season Fourteen,Voyage Six,953–964,"August 19, 2025",,,ISBN N/A,[164],,,,,
,,,,,,,,,,,,,,,Season Fourteen,Voyage Seven,965–976,"November 25, 2025",,,ISBN N/A,[165],,,,,
,,,,,,,,,,,,,,,Season Fourteen,Voyage Eight,977–988,"January 26, 2026",,,ISBN N/A,[166],,,,,
,,,,,,,,,,,,,,,Season Fourteen,Voyage Nine,989–1000,TBA,,,ISBN N/A,[167],,,,,
,,,,,,,,,,,,,,,Season Fourteen,Voyage Ten,1001–1012,TBA,,,ISBN N/A,[168],,,,,
,,,,,,,,,,,,,,,Season Fourteen,Voyage Eleven,1013–1024,TBA,,,ISBN N/A,[169],,,,,
,,,,,,,,,,,,,,,Season Fourteen,Voyage Twelve,"1025–1028, 1031–1036",TBA,,,ISBN N/A,[170],,,,,
,,,,,,,,,,,,,,,Season Fourteen,Voyage Thirteen,1037–1048,TBA,,,ISBN N/A,[171],,,,,
,,,,,,,,,,,,,,,Season Fourteen,Voyage Fourteen,1049–1061.5,TBA,,,ISBN N/A,[172],,,,,
,,,,,,,,,,,,,,,Season Fourteen,Voyage Fifteen,1062–1073,TBA,,,ISBN N/A,[173],,,,,
,,,,,,,,,,,,,,,Season Fourteen,Voyage Sixteen,1074–1085,TBA,,,ISBN N/A,[174],,,,,
,,,,,,,,,,,,,,,Season Fifteen,Voyage One,1086–1096,TBA,,,ISBN N/A,[175],,,,,
,,,,,,,,,,,,,,,Season Fifteen,Voyage Two,1097–1108,TBA,,,ISBN N/A,[176],,,,,
,,,,,,,,,,,,,,,Season Fifteen,Voyage Three,1108.5–1122,TBA,,,ISBN N/A,[177],,,,,
,,,,,,,,,,,,,,,Season Fifteen,Voyage Four,1123–1133,TBA,,,ISBN N/A,[178],,,,,
,,,,,,,,,,,,,,,Season Fifteen,Voyage Five,1133.5–1143,TBA,,,ISBN N/A,[179],,,,,
,,,,,,,,,,,,,,,Collection,37,892–916,"April 8, 2025","August 25, 2025",,ISBN N/A,[180],,,,,
,,,,,,,,,,,,,,,Collection,38,917–940,"August 26, 2025","October 6, 2025",,ISBN N/A,[181],,,,,
,,,,,,,,,,,,,,,Collection,39,941–964,"November 25, 2025","December 15, 2025",,ISBN N/A,[182],,,,,
,,,,,,,,,,,,,,,,,,,,,,,Media,"Manga Volumes Chapters 1–186 187–388 389–594 595–806 807–1015 1016–current Wanted! Monsters Koisuru One Piece AnimeEpisodes First list Season 1 2 3 4 5 6 7 8 Second list 9 10 11 12 13 14 Third list 15 16 17 18 19 Fourth list 20 ""Luffy's Peak - Attained! Fifth Gear"" 21 Films One Piece Dead End no Bōken The Cursed Holy Sword Baron Omatsuri and the Secret Island The Desert Princess and the Pirates: Adventures in Alabasta Strong World Z Gold Stampede Red Music ""Lost Man/Sailing Day"" ""Mirai Kōkai"" ""Crazy Rainbow"" ""Share the World / We Are!"" ""Fight Together"" Uta's Songs: One Piece Film Red ""New Genesis"" ""I'm Invincible"" Other Television specials Video games Become The Pirate King! Grand Battle! (2001) Set Sail Pirate Crew! Grand Battle! 2 Grand Battle! (2005) One Piece Pirates' Carnival Grand Adventure Unlimited Adventure Unlimited Cruise Grand Collection Pirate Warriors 1 2 3 4 Romance Dawn Unlimited World Red Treasure Cruise Burning Blood Bounty Rush World Seeker Odyssey Related Jump Super Stars Jump Ultimate Stars Battle Stadium D.O.N J-Stars Victory VS Jump Force Other Live-action series soundtrack Tokyo One Piece Tower Super Kabuki II: One Piece Card Game One Piece: Heroines",,,
,,,,,,,,,,,,,,,,,,,,,,,Manga,Volumes Chapters 1–186 187–388 389–594 595–806 807–1015 1016–current Wanted! Monsters Koisuru One Piece,,,
,,,,,,,,,,,,,,,,,,,,,,,Anime,"Episodes First list Season 1 2 3 4 5 6 7 8 Second list 9 10 11 12 13 14 Third list 15 16 17 18 19 Fourth list 20 ""Luffy's Peak - Attained! Fifth Gear"" 21 Films One Piece Dead End no Bōken The Cursed Holy Sword Baron Omatsuri and the Secret Island The Desert Princess and the Pirates: Adventures in Alabasta Strong World Z Gold Stampede Red Music ""Lost Man/Sailing Day"" ""Mirai Kōkai"" ""Crazy Rainbow"" ""Share the World / We Are!"" ""Fight Together"" Uta's Songs: One Piece Film Red ""New Genesis"" ""I'm Invincible"" Other Television specials",,,
,,,,,,,,,,,,,,,,,,,,,,,Episodes,"First list Season 1 2 3 4 5 6 7 8 Second list 9 10 11 12 13 14 Third list 15 16 17 18 19 Fourth list 20 ""Luffy's Peak - Attained! Fifth Gear"" 21",,,
,,,,,,,,,,,,,,,,,,,,,,,Films,One Piece Dead End no Bōken The Cursed Holy Sword Baron Omatsuri and the Secret Island The Desert Princess and the Pirates: Adventures in Alabasta Strong World Z Gold Stampede Red,,,
,,,,,,,,,,,,,,,,,,,,,,,Music,"""Lost Man/Sailing Day"" ""Mirai Kōkai"" ""Crazy Rainbow"" ""Share the World / We Are!"" ""Fight Together"" Uta's Songs: One Piece Film Red ""New Genesis"" ""I'm Invincible""",,,
,,,,,,,,,,,,,,,,,,,,,,,Other,Television specials,,,
,,,,,,,,,,,,,,,,,,,,,,,Video games,Become The Pirate King! Grand Battle! (2001) Set Sail Pirate Crew! Grand Battle! 2 Grand Battle! (2005) One Piece Pirates' Carnival Grand Adventure Unlimited Adventure Unlimited Cruise Grand Collection Pirate Warriors 1 2 3 4 Romance Dawn Unlimited World Red Treasure Cruise Burning Blood Bounty Rush World Seeker Odyssey Related Jump Super Stars Jump Ultimate Stars Battle Stadium D.O.N J-Stars Victory VS Jump Force,,,
,,,,,,,,,,,,,,,,,,,,,,,Become The Pirate King! Grand Battle! (2001) Set Sail Pirate Crew! Grand Battle! 2 Grand Battle! (2005) One Piece Pirates' Carnival Grand Adventure Unlimited Adventure Unlimited Cruise Grand Collection Pirate Warriors 1 2 3 4 Romance Dawn Unlimited World Red Treasure Cruise Burning Blood Bounty Rush World Seeker Odyssey,Become The Pirate King! Grand Battle! (2001) Set Sail Pirate Crew! Grand Battle! 2 Grand Battle! (2005) One Piece Pirates' Carnival Grand Adventure Unlimited Adventure Unlimited Cruise Grand Collection Pirate Warriors 1 2 3 4 Romance Dawn Unlimited World Red Treasure Cruise Burning Blood Bounty Rush World Seeker Odyssey,,,
,,,,,,,,,,,,,,,,,,,,,,,Related,Jump Super Stars Jump Ultimate Stars Battle Stadium D.O.N J-Stars Victory VS Jump Force,,,
,,,,,,,,,,,,,,,,,,,,,,,Other,Live-action series soundtrack Tokyo One Piece Tower Super Kabuki II: One Piece Card Game One Piece: Heroines,,,
,,,,,,,,,,,,,,,,,,,,,,,Characters,Monkey D. Luffy Roronoa Zoro Nami Usopp Sanji Tony Tony Chopper Nico Robin Franky Brook,,,
,,,,,,,,,,,,,,,,,,,,,,,Related,Straw Hat Pirates' Jolly Roger Onepiece,,,
,,,,,,,,,,,,,,,,,,,,,,,Category,Category,Category,,
,,,,,,,,,,,,,,,,,,,,,,,,,,Manga,Volumes Chapters 1–186 187–388 389–594 595–806 807–1015 1016–current Wanted! Monsters Koisuru One Piece
,,,,,,,,,,,,,,,,,,,,,,,,,,Anime,"Episodes First list Season 1 2 3 4 5 6 7 8 Second list 9 10 11 12 13 14 Third list 15 16 17 18 19 Fourth list 20 ""Luffy's Peak - Attained! Fifth Gear"" 21 Films One Piece Dead End no Bōken The Cursed Holy Sword Baron Omatsuri and the Secret Island The Desert Princess and the Pirates: Adventures in Alabasta Strong World Z Gold Stampede Red Music ""Lost Man/Sailing Day"" ""Mirai Kōkai"" ""Crazy Rainbow"" ""Share the World / We Are!"" ""Fight Together"" Uta's Songs: One Piece Film Red ""New Genesis"" ""I'm Invincible"" Other Television specials"
,,,,,,,,,,,,,,,,,,,,,,,,,,Episodes,"First list Season 1 2 3 4 5 6 7 8 Second list 9 10 11 12 13 14 Third list 15 16 17 18 19 Fourth list 20 ""Luffy's Peak - Attained! Fifth Gear"" 21"
,,,,,,,,,,,,,,,,,,,,,,,,,,Films,One Piece Dead End no Bōken The Cursed Holy Sword Baron Omatsuri and the Secret Island The Desert Princess and the Pirates: Adventures in Alabasta Strong World Z Gold Stampede Red
,,,,,,,,,,,,,,,,,,,,,,,,,,Music,"""Lost Man/Sailing Day"" ""Mirai Kōkai"" ""Crazy Rainbow"" ""Share the World / We Are!"" ""Fight Together"" Uta's Songs: One Piece Film Red ""New Genesis"" ""I'm Invincible"""
,,,,,,,,,,,,,,,,,,,,,,,,,,Other,Television specials
,,,,,,,,,,,,,,,,,,,,,,,,,,Video games,Become The Pirate King! Grand Battle! (2001) Set Sail Pirate Crew! Grand Battle! 2 Grand Battle! (2005) One Piece Pirates' Carnival Grand Adventure Unlimited Adventure Unlimited Cruise Grand Collection Pirate Warriors 1 2 3 4 Romance Dawn Unlimited World Red Treasure Cruise Burning Blood Bounty Rush World Seeker Odyssey Related Jump Super Stars Jump Ultimate Stars Battle Stadium D.O.N J-Stars Victory VS Jump Force
,,,,,,,,,,,,,,,,,,,,,,,,,,Become The Pirate King! Grand Battle! (2001) Set Sail Pirate Crew! Grand Battle! 2 Grand Battle! (2005) One Piece Pirates' Carnival Grand Adventure Unlimited Adventure Unlimited Cruise Grand Collection Pirate Warriors 1 2 3 4 Romance Dawn Unlimited World Red Treasure Cruise Burning Blood Bounty Rush World Seeker Odyssey,Become The Pirate King! Grand Battle! (2001) Set Sail Pirate Crew! Grand Battle! 2 Grand Battle! (2005) One Piece Pirates' Carnival Grand Adventure Unlimited Adventure Unlimited Cruise Grand Collection Pirate Warriors 1 2 3 4 Romance Dawn Unlimited World Red Treasure Cruise Burning Blood Bounty Rush World Seeker Odyssey
,,,,,,,,,,,,,,,,,,,,,,,,,,Related,Jump Super Stars Jump Ultimate Stars Battle Stadium D.O.N J-Stars Victory VS Jump Force
,,,,,,,,,,,,,,,,,,,,,,,,,,Other,Live-action series soundtrack Tokyo One Piece Tower Super Kabuki II: One Piece Card Game One Piece: Heroines
,,,,,,,,,,,,,,,,,,,,,,,,,,Episodes,"First list Season 1 2 3 4 5 6 7 8 Second list 9 10 11 12 13 14 Third list 15 16 17 18 19 Fourth list 20 ""Luffy's Peak - Attained! Fifth Gear"" 21"
,,,,,,,,,,,,,,,,,,,,,,,,,,Films,One Piece Dead End no Bōken The Cursed Holy Sword Baron Omatsuri and the Secret Island The Desert Princess and the Pirates: Adventures in Alabasta Strong World Z Gold Stampede Red
,,,,,,,,,,,,,,,,,,,,,,,,,,Music,"""Lost Man/Sailing Day"" ""Mirai Kōkai"" ""Crazy Rainbow"" ""Share the World / We Are!"" ""Fight Together"" Uta's Songs: One Piece Film Red ""New Genesis"" ""I'm Invincible"""
,,,,,,,,,,,,,,,,,,,,,,,,,,Other,Television specials
,,,,,,,,,,,,,,,,,,,,,,,,,,Become The Pirate King! Grand Battle! (2001) Set Sail Pirate Crew! Grand Battle! 2 Grand Battle! (2005) One Piece Pirates' Carnival Grand Adventure Unlimited Adventure Unlimited Cruise Grand Collection Pirate Warriors 1 2 3 4 Romance Dawn Unlimited World Red Treasure Cruise Burning Blood Bounty Rush World Seeker Odyssey,Become The Pirate King! Grand Battle! (2001) Set Sail Pirate Crew! Grand Battle! 2 Grand Battle! (2005) One Piece Pirates' Carnival Grand Adventure Unlimited Adventure Unlimited Cruise Grand Collection Pirate Warriors 1 2 3 4 Romance Dawn Unlimited World Red Treasure Cruise Burning Blood Bounty Rush World Seeker Odyssey
,,,,,,,,,,,,,,,,,,,,,,,,,,Related,Jump Super Stars Jump Ultimate Stars Battle Stadium D.O.N J-Stars Victory VS Jump Force
