No. overall,No. in season,Title,Directed by,Written by,Original release date,English air date,Unnamed: 7,Unnamed: 8,Unnamed: 9,Unnamed: 10,Unnamed: 11,Unnamed: 12,No. overall [n 1],Title [n 8],Original release date [n 3],Unnamed: 6,No.,Unnamed: 3,Volume,Volume.1,Volume.2,Episodes,Release date,Ref.,"('Volume', 'Volume')","('Volume', 'Volume.1')","('Volume', 'Volume.2')","('Episodes', 'Episodes')","('Release date', 'USA')","('Release date', 'UK')","('Release date', 'Australia')","('ISBN', 'ISBN')","('Ref.', 'Ref.')",vteOne Piece by Eiichiro Oda,vteOne Piece by Eiichiro Oda.1,vteOne Piece by Eiichiro Oda.2,0,1
337,1,"""The Mysterious Skeleton Floating Through The Fog! Venture into The Devil's Sea"" Transliteration: ""Ma no Umi Totsunyū! Kiri ni Ukabu Nazo no Gaikotsu"" (Japanese: 魔の海突入! 霧に浮かぶ謎のガイコツ)",Yoshihiro Ueda,Hirohiko Kamisaka,"January 6, 2008[82]","March 13, 2016",,,,,,,,,,,,,,,,,,,,,,,,,,,,,,,,
338,2,"""The Joy of Seeing People! The Gentleman Skeleton’s True Identity!"" Transliteration: ""Hito ni Aeta Yorokobi! Gaikotsu Shinshi no Shōtai"" (Japanese: 人に逢えた喜び! ガイコツ紳士の正体)",Directed by : Hiroyuki Satō Storyboarded by : Naotoshi Shida,Tsuyoshi Sakurai,"January 13, 2008[83]","March 20, 2016",,,,,,,,,,,,,,,,,,,,,,,,,,,,,,,,
339,3,"""One Unnatural Phenomenon After the Next! Disembarking on Thriller Bark!"" Transliteration: ""Kai Genshō Zokuzoku! Surirābāku Jōriku"" (Japanese: 怪現象ぞくぞく! スリラーバーク上陸)",Sumio Watanabe,Takuya Masumoto,"January 20, 2008[84]","March 27, 2016",,,,,,,,,,,,,,,,,,,,,,,,,,,,,,,,
340,4,"""The Man Called a Genius! Hogback Makes His Appearance!"" Transliteration: ""Tensai to Yobareta Otoko! Hogubakku Arawaru!"" (Japanese: 天才と呼ばれた男! ホグバック現る!)",Katsumi Tokoro,Yoshiyuki Suga,"January 27, 2008[85]","April 3, 2016",,,,,,,,,,,,,,,,,,,,,,,,,,,,,,,,
341,5,"""Nami’s in a Major Pinch! The Zombie Mansion and the Invisible Man!"" Transliteration: ""Nami Daipinchi! Zonbi Yashiki to Tōmei Ningen"" (Japanese: ナミ大ピンチ! ゾンビ屋敷と透明人間)",Tetsuya Endō,Isao Murayama,"February 3, 2008[86]","April 10, 2016",,,,,,,,,,,,,,,,,,,,,,,,,,,,,,,,
342,6,"""The Zombie’s Secret! Hogback’s Nightmarish Laboratory!"" Transliteration: ""Zonbi no Nazo! Akumu no Hogubakku Kenkyūsho"" (Japanese: ゾンビの謎! 悪夢のホグバック研究所)",Directed by : Hiroshi Matsuzaka Storyboarded by : Kenji Yokoyama,Tsuyoshi Sakurai,"February 10, 2008[87]","April 17, 2016",,,,,,,,,,,,,,,,,,,,,,,,,,,,,,,,
343,7,"""His Name is Moria! The Great Shadow-Seizing Pirate's Trap!"" Transliteration: ""Sono Na wa Moria! Kage o Nigiru Daikaizoku no Wana"" (Japanese: その名はモリア! 影を握る大海賊の罠)",Yoshihiro Ueda,Koga Naoki,"February 17, 2008[88]","April 24, 2016",,,,,,,,,,,,,,,,,,,,,,,,,,,,,,,,
344,8,"""Feast of the Zombie Song! The Night Raid's Bell is the Sound of Darkness!"" Transliteration: ""Zonbi Songu no Kyōen! Yōchi no Kane wa Yami no Oto"" (Japanese: ゾンビ歌の饗宴! 夜討ちの鐘は闇の音)",Directed by : Hiroyuki Satō Storyboarded by : Naotoshi Shida,Hirohiko Kamisaka,"February 24, 2008[89]","May 1, 2016",,,,,,,,,,,,,,,,,,,,,,,,,,,,,,,,
345,9,"""A Bunch of Animals? Perona's Wonder Garden!"" Transliteration: ""Dōbutsu Ippai? Perōna no Wandāgāden"" (Japanese: 動物いっぱい? ペローナの不思議の庭)",Sumio Watanabe,Yoshiyuki Suga,"March 2, 2008[90]","May 8, 2016",,,,,,,,,,,,,,,,,,,,,,,,,,,,,,,,
346,10,"""The Vanishing Straw Hat Crew! A Mysterious Swordsman Appears!"" Transliteration: ""Kieru Mugiwara Ichimi! Arawareta Nazo no Kenshi!"" (Japanese: 消える麦わら一味! 現れた謎の剣士!)",Katsumi Tokoro,Takuya Masumoto,"March 9, 2008[91]","May 15, 2016",,,,,,,,,,,,,,,,,,,,,,,,,,,,,,,,
347,11,"""Chivalry Remains! The Traitorous Zombie Protects Nami!"" Transliteration: ""Nokoru Kishidō! Nami o Mamoru Uragiri Zonbi"" (Japanese: 残る騎士道! ナミを守る裏切りゾンビ)",Hiroaki Miyamoto,Koga Naoki,"March 16, 2008[92]","May 22, 2016",,,,,,,,,,,,,,,,,,,,,,,,,,,,,,,,
348,12,"""Appearing from the Sky! That Man Is the Humming Swordsman!"" Transliteration: ""Sora kara Sanjō! Kenkyō Hanauta wa Ano Otoko!"" (Japanese: 空から参上! 剣狭ハナウタはあの男!)",Directed by : Hiroyuki Satō Storyboarded by : Munehisa Sakai,Isao Murayama,"March 23, 2008[93]","June 5, 2016",,,,,,,,,,,,,,,,,,,,,,,,,,,,,,,,
349,13,"""Luffy's Emergency Situation! The Ultimate Shadow's Destination!"" Transliteration: ""Rufi Kinkyūjitai! Saikyō no Kage no Ikisaki!"" (Japanese: ルフィ緊急事態! 最強の影の行き先!)",Yutaka Nakashima,Yoshiyuki Suga,"March 30, 2008[94]","June 12, 2016",,,,,,,,,,,,,,,,,,,,,,,,,,,,,,,,
350,14,"""The Warrior Known As the ""Devil""!! The Moment of Oars' Revival"" Transliteration: ""Majin to Yobareta Senshi!! Ōzu Fukkatsu no Toki"" (Japanese: 魔人と呼ばれた戦士!! オーズ復活の時)",Tetsuya Endō,Tsuyoshi Sakurai,"April 20, 2008[95]","June 19, 2016",,,,,,,,,,,,,,,,,,,,,,,,,,,,,,,,
351,15,"""Awakening After 500 Years!! Oars Opens His Eyes!!"" Transliteration: ""Gohyakunen Buri no Mezame!! Ōzu Kaigan!!"" (Japanese: 500年ぶりの目覚め!! オーズ開眼!!)",Yoshihiro Ueda,Takuya Masumoto,"April 27, 2008[96]","June 26, 2016",,,,,,,,,,,,,,,,,,,,,,,,,,,,,,,,
352,16,"""A Belief Worth Begging to Live for!! Brook Defends His Afro"" Transliteration: ""Shinnen no Inochigoi!! Afuro o Mamoru Burukku"" (Japanese: 信念の命乞い!! アフロを守るブルック)",Sumio Watanabe,Yoshiyuki Suga,"May 4, 2008[97]","July 10, 2016",,,,,,,,,,,,,,,,,,,,,,,,,,,,,,,,
353,17,"""A Man's Promise Never Dies!! To the Friend Waiting Under the Distant Sky"" Transliteration: ""Otoko no Chikai wa Shinazu!! Tōi Sora de Matsu Tomo e"" (Japanese: 男の誓いは死なず!! 遠い空で待つ友へ)",Directed by : Hiroshi Matsuzaka Storyboarded by : Naotoshi Shida,Hirohiko Kamisaka,"May 11, 2008[98]","July 17, 2016",,,,,,,,,,,,,,,,,,,,,,,,,,,,,,,,
354,18,"""I Swear to Go See Him! Brook and the Cape of Promise"" Transliteration: ""Kanarazu Ai ni Iku!! Burukku to Yakusoku no Misaki"" (Japanese: 必ず会いに行く!! ブルックと約束の岬)",Takahiro Imamura,Hirohiko Kamisaka,"May 18, 2008[99]","July 24, 2016",,,,,,,,,,,,,,,,,,,,,,,,,,,,,,,,
355,19,"""Food, Nami and Shadows!! Luffy's Enraged Counterattack"" Transliteration: ""Meshi to Nami to Kage!! Luffi Ikari no Daihangeki"" (Japanese: メシとナミと影!! ルフィ怒りの大反撃)",Katsumi Tokoro,Koga Naoki,"May 25, 2008[100]","July 31, 2016",,,,,,,,,,,,,,,,,,,,,,,,,,,,,,,,
356,20,"""Usopp's the Strongest? Leave Anything Negative to Him"" Transliteration: ""Usoppu Saikyō? Negateibu wa Makasetoke"" (Japanese: ウソップ最強? ネガティブは任せとけ)",Yutaka Nakashima,Takuya Masumoto,"June 1, 2008[101]","August 7, 2016",,,,,,,,,,,,,,,,,,,,,,,,,,,,,,,,
357,21,"""The General Zombies Are Down in a Flash!! Oars Feels Like an Adventure!!"" Transliteration: ""Jeneraru Zonbi Shunsetsu!! Ōzu wa Bōken Kibun!!"" (Japanese: 将軍ゾンビ瞬殺!! オーズは冒険気分!!)",Tetsuya Endō,Tsuyoshi Sakurai,"June 8, 2008[102]","August 14, 2016",,,,,,,,,,,,,,,,,,,,,,,,,,,,,,,,
358,22,"""Blazing Knight Sanji!! Kick Down the Fake Wedding"" Transliteration: ""Honō no Naito Sanji!! Keri Tsubuse Itsuwari no Kyoshiki"" (Japanese: 炎の騎士サンジ!! 蹴り潰せ偽りの挙式)",Sumio Watanabe,Yoshiyuki Suga,"June 15, 2008[103]","August 21, 2016",,,,,,,,,,,,,,,,,,,,,,,,,,,,,,,,
359,23,"""A Clear-Clear History? Sanji's Stolen Dream"" Transliteration: ""Suke Suke no Innen? Ubawareta Sanji no Yume"" (Japanese: スケスケの因縁? 奪われたサンジの夢)",Yoshihiro Ueda,Takuya Masumoto,"June 22, 2008[104]","August 28, 2016",,,,,,,,,,,,,,,,,,,,,,,,,,,,,,,,
360,24,"""Save Me, Hero!! My Enemy Is the Immortal Princess"" Transliteration: ""Tasukete Hīrō!! Teki wa Fujimi no Purinsesu"" (Japanese: 助けて英雄!! 敵は不死身のプリンセス)",Directed by : Makoto Sonoda Storyboarded by : Naotoshi Shida,Hirohiko Kamisaka,"June 29, 2008[105]","September 11, 2016",,,,,,,,,,,,,,,,,,,,,,,,,,,,,,,,
361,25,"""Perona Is Terrified!! Usopp and Untruthful Share the Same ""U"""" Transliteration: ""Perona Kyōfu!! Uso no U wa Usoppu no U"" (Japanese: ペローナ恐怖!! 嘘のウはウソップのウ)",Tetsuya Endō,Koga Naoki,"July 6, 2008[106]","September 18, 2016",,,,,,,,,,,,,,,,,,,,,,,,,,,,,,,,
362,26,"""Slashes Dancing On the Rooftop!! Showdown: Zoro vs. Ryuma!"" Transliteration: ""Yane ni Mau Zangeki!! Ketchaku Zoro VS Ryūma"" (Japanese: 屋根に舞う斬撃!! 決着ゾロVSリューマ)",Yoshihiro Ueda,Yoshiyuki Suga,"July 13, 2008[107]","September 25, 2016",,,,,,,,,,,,,,,,,,,,,,,,,,,,,,,,
363,27,"""Chopper Is Furious!! Hogback's Evil Medical Practices"" Transliteration: ""Choppā Gekido!! Hogubakku Ma no Ijutsu"" (Japanese: チョッパー激怒!! ホグバック魔の医術)",Yutaka Nakashima,Hirohiko Kamisaka,"July 20, 2008[108]","October 2, 2016",,,,,,,,,,,,,,,,,,,,,,,,,,,,,,,,
364,28,"""Oars Roars! Come Out, Straw Hat Crew"" Transliteration: ""Ōzu Hoeru!! Dete Koi Mugiwara no Ichimi"" (Japanese: オーズ吼える!! 出て来い麦わらの一味)",Yukihiko Nakao,Takuya Masumoto,"August 3, 2008[109]","October 9, 2016",,,,,,,,,,,,,,,,,,,,,,,,,,,,,,,,
365,29,"""Luffy Is the Enemy! The Ultimate Zombie vs. The Straw Hat Crew"" Transliteration: ""Teki wa Rufi!! Saikyō Zonbi tai Mugiwara no Ichimi"" (Japanese: 敵はルフィ!! 最強ゾンビ対麦わらの一味)",Directed by : Sumio Watanabe Storyboarded by : Naotoshi Shida,Koga Naoki,"August 10, 2008[110]","October 16, 2016",,,,,,,,,,,,,,,,,,,,,,,,,,,,,,,,
366,30,"""You're Going Down, Absalom!! Nami's Lightning Attack of Friendship!!"" Transliteration: ""Taorero Abusaromu!! Nami Yūjō no Raigeki!!"" (Japanese: 倒れろアブサロム!! ナミ友情の雷撃!!)",Tetsuya Endō,Tsuyoshi Sakurai,"August 17, 2008[111]","October 23, 2016",,,,,,,,,,,,,,,,,,,,,,,,,,,,,,,,
367,31,"""Knock Him Down!! Special Attack: Straw Hat Docking?"" Transliteration: ""Ubae Daun!! Hissatsu Mugiwara Dokkingu?"" (Japanese: 奪えダウン!! 必殺麦わらドッキング?)",Hiroyuki Satō,Takuya Masumoto,"August 24, 2008[112]","November 6, 2016",,,,,,,,,,,,,,,,,,,,,,,,,,,,,,,,
368,32,"""The Silent Assault!! The Mysterious Visitor, Tyrant Kuma"" Transliteration: ""Ashioto Naki Shūrai!! Nazo no Hōmonsha: Bōkun Kuma"" (Japanese: 足音なき襲来!! 謎の訪問者•暴君くま)",Directed by : Hiroshi Matsuzaka Storyboarded by : Kenji Yokoyama,Yoshiyuki Suga,"August 31, 2008[113]","November 13, 2016",,,,,,,,,,,,,,,,,,,,,,,,,,,,,,,,
369,33,"""Oars + Moria! The Most Heinous Combination of Brains and Brawn"" Transliteration: ""Ōzu Purasu Moria – Chikara to Zunō no Saikyō Gattai"" (Japanese: オーズ+モリア 力と頭脳の最強合体)",Makoto Sonoda,Hirohiko Kamisaka,"September 7, 2008[114]","November 20, 2016",,,,,,,,,,,,,,,,,,,,,,,,,,,,,,,,
370,34,"""The Secret Plan to Turn the Tables! Nightmare Luffy Makes His Appearance"" Transliteration: ""Gyakuten e no Hisaku – Naitomea Rufi Kenzan"" (Japanese: 逆転への秘策 ナイトメア•ルフィ見参)",Tetsuya Endō,Koga Naoki,"September 14, 2008[115]","November 27, 2016",,,,,,,,,,,,,,,,,,,,,,,,,,,,,,,,
371,35,"""The Straw Hat Crew Gets Wiped Out! The Shadow-Shadow's Powers in Full Swing"" Transliteration: ""Kaimetsu, Mugiwara Ichimi – Kage Kage no Chikara Zenkai"" (Japanese: 壊滅, 麦わら一味 カゲカゲの能力全開)",Yukihiko Nakao,Takuya Masumoto,"September 21, 2008[116]","December 4, 2016",,,,,,,,,,,,,,,,,,,,,,,,,,,,,,,,
372,36,"""The Incredible Battle Starts! Luffy vs Luffy"" Transliteration: ""Chōzetsu Batoru Sutāto! Rufi Tai Rufi"" (Japanese: 超絶バトルスタート! ルフィVSルフィ)",Directed by : Sumio Watanabe Storyboarded by : Hiroaki Miyamoto,Yoshiyuki Suga,"September 28, 2008[117]","December 11, 2016",,,,,,,,,,,,,,,,,,,,,,,,,,,,,,,,
373,37,"""The End of the Battle Is Nigh! Pound in the Finishing Move"" Transliteration: ""Ketchaku Semaru! Tatakikome, Todome no Ichigeki"" (Japanese: 決着迫る! たたき込め, とどめの一撃)",Yutaka Nakashima,Tsuyoshi Sakurai,"October 5, 2008[118]","December 18, 2016",,,,,,,,,,,,,,,,,,,,,,,,,,,,,,,,
374,38,"""Our Bodies Vanish! The Morning Sun Shines On the Nightmarish Island!"" Transliteration: ""Karada ga Kieru! Akumu no Shima ni Sasu Asahi!"" (Japanese: 肉体が消える! 悪夢の島に射す朝日!)",Naoyuki Itō,Hirohiko Kamisaka,"October 12, 2008[119]","January 8, 2017",,,,,,,,,,,,,,,,,,,,,,,,,,,,,,,,
375,39,"""Not Out of Danger Yet! Orders to Annihilate the Straw Hat Crew"" Transliteration: ""Owaranai Kiki! Mugiwara Ichimi Massatsu Shirei"" (Japanese: 終わらない危機! 麦わら一味抹殺指令)",Directed by : Kiichi Suzuno Storyboarded by : Naotoshi Shida,Koga Naoki,"October 19, 2008[120][121]","January 15, 2017",,,,,,,,,,,,,,,,,,,,,,,,,,,,,,,,
376,40,"""It Repels Everything! Kuma’s Paw-Paw Power!"" Transliteration: ""Subete o Hajiku Kuma no Nikyu Nikyu no Nōryoku"" (Japanese: すべてを弾くくまのニキュニキュの能力)",Directed by : Hiroyuki Satō Storyboarded by : Tetsuya Endō,Takuya Masumoto,"November 9, 2008[121][122]","January 22, 2017",,,,,,,,,,,,,,,,,,,,,,,,,,,,,,,,
377,41,"""The Pain of My Crewmates Is My Pain! Zoro's Desperate Fight!"" Transliteration: ""Nakama no Itami wa Waga Itami – Zoro Kesshi no Tatakai"" (Japanese: 仲間の痛みは我が痛みゾロ決死の戦い)",Tetsuya Endō,Takuya Masumoto,"November 16, 2008[121][123]","January 29, 2017",,,,,,,,,,,,,,,,,,,,,,,,,,,,,,,,
378,42,"""The Promise from a Distant Day! The Pirates' Song and a Small Whale!"" Transliteration: ""Tōi Hi no Yakusoku – Kaizoku no Uta to Chīsa na Kujira"" (Japanese: 遠い日の約束 海賊の唄と小さなクジラ)",Directed by : Makoto Sonoda Storyboarded by : Junji Shimizu,Yoshiyuki Suga,"November 23, 2008[121][124]","February 5, 2017",,,,,,,,,,,,,,,,,,,,,,,,,,,,,,,,
379,43,"""Brook's Past! A Sad Farewell with His Cheerful Comrade!"" Transliteration: ""Burukku no Kako – Yōki na Nakama Kanashiki Wakare"" (Japanese: ブルックの過去 陽気な仲間悲しき別れ)",Directed by : Hiroshi Matsuzaka Storyboarded by : Tetsuya Endō,Isao Murayama,"November 30, 2008[121][125]","February 12, 2017",,,,,,,,,,,,,,,,,,,,,,,,,,,,,,,,
380,44,"""Bink's Booze! The Song that Connects the Past with the Present!"" Transliteration: ""Binkusu no Sake – Kako to Ima o Tsunagu Uta"" (Japanese: ビンクスの酒 過去と現在をつなぐ唄)",Directed by : Hiroyuki Satō Storyboarded by : Munehisa Sakai,Tsuyoshi Sakurai,"December 7, 2008[126][127]","February 19, 2017",,,,,,,,,,,,,,,,,,,,,,,,,,,,,,,,
381,45,"""A New Crewmate! The Musician, Humming Brook!"" Transliteration: ""Aratana Nakama! Ongakuka – Hanauta no Burukku"" (Japanese: 新たな仲間! 音楽家·鼻唄のブルック)",Directed by : Yutaka Nakashima Storyboarded by : Tetsuya Endō,Koga Naoki,"December 14, 2008[127][128]","February 26, 2017",,,,,,,,,,,,,,,,,,,,,,,,,,,,,,,,
Spa Island,Spa Island,Spa Island,Spa Island,Spa Island,Spa Island,Spa Island,Spa Island,Spa Island,Spa Island,Spa Island,Spa Island,Spa Island,,,,,,,,,,,,,,,,,,,,,,,,,,
382,1,"""The Slow-Slow Menace! 'Silver Fox' Foxy Returns!"" Transliteration: ""Noro Noro no Kyōi – Gingitsune no Fokushī Futatabi"" (Japanese: ノロノロの脅威 銀狐のフォクシー再び)",Tetsuya Endō,Takuya Masumoto,"December 21, 2008[129][127]","March 5, 2017",,,,,,,,,,,,,,,,,,,,,,,,,,,,,,,,
383,2,"""The Great Scramble for Treasure! Collapse! Spa Island!"" Transliteration: ""Otakara Daisōdatsusen! Hōkai! Supa Airando-gō"" (Japanese: お宝大争奪戦! 崩壊! スパアイランド号)",Directed by : Makoto Sonoda Storyboarded by : Tetsuya Endō,Takuya Masumoto,"December 28, 2008[127][130]","March 12, 2017",,,,,,,,,,,,,,,,,,,,,,,,,,,,,,,,
384,3,"""Brook's Great Struggle! Is the Path to Becoming a True Comrade Rigorous?"" Transliteration: ""Burukku Daifuntō – Shin no Nakama e no Michi Kewashi?"" (Japanese: ブルック大奮闘 真の仲間への道険し?)",Naoyuki Itō,Yoshiyuki Suga,"January 11, 2009[131][132]","March 19, 2017",,,,,,,,,,,,,,,,,,,,,,,,,,,,,,,,
Sabaody Archipelago,Sabaody Archipelago,Sabaody Archipelago,Sabaody Archipelago,Sabaody Archipelago,Sabaody Archipelago,Sabaody Archipelago,Sabaody Archipelago,Sabaody Archipelago,Sabaody Archipelago,Sabaody Archipelago,Sabaody Archipelago,Sabaody Archipelago,,,,,,,,,,,,,,,,,,,,,,,,,,
385,4,"""Arriving at Halfway Through the Grand Line! The Red Line"" Transliteration: ""Gurand Rain Hanshū Tōtatsu! Reddo Rain"" (Japanese: 偉大なる航路半周到達! 赤い土の大陸)",Yutaka Nakashima,Isao Murayama,"January 18, 2009[132][133]",—,,,,,,,,,,,,,,,,,,,,,,,,,,,,,,,,
386,5,"""Hatred of the Straw Hat Crew – Enter Iron Mask Duval"" Transliteration: ""Mugiwara Ichimi Nikushi – Tekkamen no Dyubaru Tōjō"" (Japanese: 麦わら一味憎し 鉄仮面のデュバル登場)",Sumio Watanabe,Koga Naoki,"January 25, 2009[132][134]",—,,,,,,,,,,,,,,,,,,,,,,,,,,,,,,,,
387,6,"""The Fated Reunion! Save the Imprisoned Fish-man"" Transliteration: ""Innen no Saikai! Toraware no Gyojin o Sukuidase"" (Japanese: 因縁の再会! 囚われの魚人を救い出せ)",Yukihiko Nakao,Tsuyoshi Sakurai,"February 1, 2009[132][135]",—,,,,,,,,,,,,,,,,,,,,,,,,,,,,,,,,
388,7,"""Tragedy! The Truth of the Unmasked Duval"" Transliteration: ""Higeki! Kamen ni Kakusareta Dyubaru no Shinjitsu"" (Japanese: 悲劇! 仮面に隠されたデュバルの真実)",Yoshihiro Ueda,Yoshiyuki Suga,"February 8, 2009[136]",—,,,,,,,,,,,,,,,,,,,,,,,,,,,,,,,,
389,8,"""Explosion! The Sunny's Super Secret Weapon: Gaon Cannon"" Transliteration: ""Sakuretsu! Sanī-gō no Chōhimitsu Heiki Gaon Hō"" (Japanese: 炸裂! サニー号の超秘密兵器ガオン砲)",Katsumi Tokoro,Yoshiyuki Suga,"February 15, 2009[137][138]",—,,,,,,,,,,,,,,,,,,,,,,,,,,,,,,,,
390,9,"""Landing to Get to Fish-man Island – The Sabaody Archipelago"" Transliteration: ""Gyojintō o Mokushishite Jōriku – Shabondi Shotō"" (Japanese: 魚人島を目指して上陸 シャボンディ諸島)",Hiroaki Miyamoto,Hirohiko Kamisaka,"February 22, 2009[138][139]",—,,,,,,,,,,,,,,,,,,,,,,,,,,,,,,,,
391,10,"""Tyranny! The Rulers of Sabaody, the Celestial Dragons"" Transliteration: ""Bōgyaku! Shabondi no Shihaisha Tenryūbito"" (Japanese: 暴虐! シャボンディの支配者天竜人)",Yukihiko Nakao,Hitoshi Tanaka,"March 1, 2009[138][140]",—,,,,,,,,,,,,,,,,,,,,,,,,,,,,,,,,
392,11,"""New Rivals Gather! The 11 Supernovas"" Transliteration: ""Aratana Raibaru Shūketsu! Jūichinin no Chōshinsei"" (Japanese: 新たなライバル集結! 11人の超新星)",Hiroyuki Satō,Hirohiko Kamisaka,"March 8, 2009[138][141]",—,,,,,,,,,,,,,,,,,,,,,,,,,,,,,,,,
393,12,"""The Target is Camie! The Looming Clutches of a Professional Kidnapper"" Transliteration: ""Hyōteki wa Keimī!! Semaru Hitosarai-ya no Mashu"" (Japanese: 標的はケイミー!! 迫る人攫い屋の魔手)",Tetsuya Endō,Yoshiyuki Suga,"March 15, 2009[142]",—,,,,,,,,,,,,,,,,,,,,,,,,,,,,,,,,
394,13,"""Rescue Camie! The Archipelago’s Lingering Dark History"" Transliteration: ""Keimī o Sukue - Shotō ni Nokoru Ankoku no Rekishi"" (Japanese: ケイミーを救え 諸島に残る暗黒の歴史)",Makoto Sonoda,Hitoshi Tanaka,"March 29, 2009[143]",—,,,,,,,,,,,,,,,,,,,,,,,,,,,,,,,,
395,14,"""Time Limit – The Human Auction Begins"" Transliteration: ""Taimu Rimitto - Hyūman Ōkushon Kaimaku"" (Japanese: タイムリミット 人間オークション開幕)",Yutaka Nakashima,Yoshiyuki Suga,"April 5, 2009[144]",—,,,,,,,,,,,,,,,,,,,,,,,,,,,,,,,,
396,15,"""The Fist Explodes! Destroy the Auction"" Transliteration: ""Tekken Sakuretsu! Ōkushon o Buttsubuse"" (Japanese: 鉄拳炸裂! オークションをぶっつぶせ)",Katsumi Tokoro,Hirohiko Kamisaka,"April 12, 2009[145]",—,,,,,,,,,,,,,,,,,,,,,,,,,,,,,,,,
397,16,"""Major Panic! Desperate Struggle at the Auction House"" Transliteration: ""Dai Panikku! Ōkushon Kaijō no Shitō"" (Japanese: 大パニック! オークション会場の死闘)",Yoshihiro Ueda,Hitoshi Tanaka,"April 19, 2009[146]",—,,,,,,,,,,,,,,,,,,,,,,,,,,,,,,,,
398,17,"""Admiral Kizaru Takes Action! Sabaody Archipelago Thrown into Chaos"" Transliteration: ""Taishō Kizaru Ugoku! Sōzen Shabondi Shotō"" (Japanese: 大将黄猿動く! 騒然シャボンディ諸島)",Sumio Watanabe,Yoshiyuki Suga,"April 26, 2009[147]",—,,,,,,,,,,,,,,,,,,,,,,,,,,,,,,,,
399,18,"""Break Through the Siege! The Navy vs. the Three Captains"" Transliteration: ""Hōim Ami o Toppaseyo! Kaigun VS Sannin no Senchō"" (Japanese: 包囲網を突破せよ! 海軍VS三人の船長)",Yukihiko Nakao,Hirohiko Kamisaka,"May 3, 2009[148]",—,,,,,,,,,,,,,,,,,,,,,,,,,,,,,,,,
400,19,"""Roger and Rayleigh – the King of the Pirates and His Right Hand Man"" Transliteration: ""Rojā to Reirī – Kaizoku Ō to sono Migiude"" (Japanese: ロジャーとレイリー 海賊王とその右腕)",Katsumi Tokoro,Yoshiyuki Suga,"May 10, 2009[149]",—,,,,,,,,,,,,,,,,,,,,,,,,,,,,,,,,
401,20,"""No Escape!? Admiral Kizaru’s Light Speed Kick!!"" Transliteration: ""Kaihi Fukanō!? Taishō Kizaru no Kōsoku no Keri"" (Japanese: 回避不可能!? 大将黄猿の光速の蹴り)",Yutaka Nakashima,Hitoshi Tanaka,"May 17, 2009[150]",—,,,,,,,,,,,,,,,,,,,,,,,,,,,,,,,,
402,21,"""Overwhelming! The Navy’s Fighting Weapons, the Pacifistas"" Transliteration: ""Attōteki! Kaigun no Sentō Heiki Pashifisuta"" (Japanese: 圧倒的! 海軍の戦闘兵器パシフィスタ)",Tetsuya Endō,Yoshiyuki Suga,"May 24, 2009[151]",—,,,,,,,,,,,,,,,,,,,,,,,,,,,,,,,,
403,22,"""An Even Stronger Enemy Appears! The Battle Axe-Carrying Sentomaru"" Transliteration: ""Saranaru Kyōteki Arawaru! Masakari Katsuida Sentōmaru"" (Japanese: さらなる強敵現る! 鉞かついだ戦桃丸)",Yoshihiro Ueda,Yoshiyuki Suga,"May 31, 2009[152]",—,,,,,,,,,,,,,,,,,,,,,,,,,,,,,,,,
404,23,"""Admiral Kizaru's Fierce Assault! The Straw Hats Face Certain Death!"" Transliteration: ""Taishō Kizaru no Mōkō – Mugiwara Ichimi Zettaizetsumei!"" (Japanese: 大将黄猿の猛攻 麦わら一味絶体絶命!)",Makoto Sonoda,Hirohiko Kamisaka,"June 7, 2009[153]",—,,,,,,,,,,,,,,,,,,,,,,,,,,,,,,,,
405,24,"""Eliminated Friends – The Final Day of the Straw Hat Crew"" Transliteration: ""Kesareta Nakama-tachi – Mugiwara Ichimi Saigo no Hi"" (Japanese: 消された仲間たち 麦わら一味最後の日)",Hiroaki Miyamoto,Hirohiko Kamisaka,"June 14, 2009[154]",—,,,,,,,,,,,,,,,,,,,,,,,,,,,,,,,,
Boss Luffy Historical Special,Boss Luffy Historical Special,Boss Luffy Historical Special,Boss Luffy Historical Special,Boss Luffy Historical Special,Boss Luffy Historical Special,Boss Luffy Historical Special,Boss Luffy Historical Special,Boss Luffy Historical Special,Boss Luffy Historical Special,Boss Luffy Historical Special,Boss Luffy Historical Special,Boss Luffy Historical Special,,,,,,,,,,,,,,,,,,,,,,,,,,
406,25,"""Feudal Era Side Story – Boss Luffy Appears Again"" Transliteration: ""Jidaigeki Tokubetsu Hen – Rufi-Oyabun Futatabi Kenzan"" (Japanese: 時代劇特別編 ルフィ親分再び見参)",Tetsuya Endō,Hitoshi Tanaka,"June 21, 2009[155]",—,,,,,,,,,,,,,,,,,,,,,,,,,,,,,,,,
407,26,"""Feudal Era Side Story – Defeat Thriller Company's Trap"" Transliteration: ""Jidaigeki Tokubetsu Hen – Yabure! Surirā Shōkai no Wana"" (Japanese: 時代劇特別編 破れ! スリラー商会の罠)",Naoyuki Itō,Hitoshi Tanaka,"June 28, 2009[156]",—,,,,,,,,,,,,,,,,,,,,,,,,,,,,,,,,
,1,,Yoshihiro Ueda,Hirohiko Kamisaka,,,,,,,,,408.0,"""Landing! The All-Female Island, Amazon Lily"" Transliteration: ""Jōriku! Danshi Kinsei no Shima Amazon Rirī"" (Japanese: 上陸! 男子禁制の島アマゾン·リリー)","July 5, 2009[157]",,,,,,,,,,,,,,,,,,,,,,,
,2,,Katsumi Tokoro,Hitoshi Tanaka,,,,,,,,,409.0,"""Hurry Back to Your Friends! The Maiden Island Adventure"" Transliteration: ""Isoge! Nakama no Moto e – Nyōgashima no Bōken"" (Japanese: 急げ! 仲間のもとへ 女ヶ島の冒険)","July 12, 2009[158]",,,,,,,,,,,,,,,,,,,,,,,
,3,,Yutaka Nakashima,Yoshiyuki Suga,,,,,,,,,410.0,"""Everyone Falls in Love! Pirate Empress Hancock"" Transliteration: ""Minna Meromero! Kaizoku Jotei Hankokku"" (Japanese: みんなメロメロ! 海賊女帝ハンコック)","July 19, 2009[159]",,,,,,,,,,,,,,,,,,,,,,,
,4,,Yukihiko Nakao,Hitoshi Tanaka,,,,,,,,,411.0,"""The Secret Hidden on the Backs – Luffy and the Snake Princess Meet"" Transliteration: ""Senaka ni Kakusareta Himitsu – Sōgū Rufi to Hebihime"" (Japanese: 背中に隠された秘密 遭遇ルフィと蛇姫)","August 2, 2009[160]",,,,,,,,,,,,,,,,,,,,,,,
,5,,Gō Koga,Yoshiyuki Suga,,,,,,,,,412.0,"""Heartless Judgment! Margaret is Turned to Stone!!"" Transliteration: ""Hijō no Sabaki! Ishi ni Sareta Māgaretto!!"" (Japanese: 非情の裁き! 石にされたマーガレット!!)","August 9, 2009[161]",,,,,,,,,,,,,,,,,,,,,,,
,6,,Sumio Watanabe,Hitoshi Tanaka,,,,,,,,,413.0,"""A Difficult Fight for Luffy! The Snake Sisters' Haki Power!!"" Transliteration: ""Rufi Daikusen! Hebi Shimai no Haki no Chikara!!"" (Japanese: ルフィ第苦戦! ヘビ姉妹の覇気の力!!)","August 16, 2009[162]",,,,,,,,,,,,,,,,,,,,,,,
,7,,Directed by : Yutaka Nakashima Storyboarded by : Makoto Sonoda,Yoshiyuki Suga,,,,,,,,,414.0,"""All-Out Special Power Battle!! Gum-Gum vs. Snake-Snake"" Transliteration: ""Nōryoku Zenkai Batoru!! Gomu Gomu vs. Hebi Hebi"" (Japanese: 能力全開バトル!! ゴムゴムVSヘビヘビ)","August 23, 2009[163]",,,,,,,,,,,,,,,,,,,,,,,
,8,,Yoshihiro Ueda,Hitoshi Tanaka,,,,,,,,,415.0,"""Hancock's Confession – The Sisters' Abhorrent Past"" Transliteration: ""Hankokku no Kokuhaku – Shimai no Imawashiki Kako"" (Japanese: ハンコックの告白 姉妹の忌まわしき過去)","August 30, 2009[164]",,,,,,,,,,,,,,,,,,,,,,,
,9,,Katsumi Tokoro,Yoshiyuki Suga,,,,,,,,,416.0,"""Saving Ace! The Next Stop: the Great Prison!"" Transliteration: ""Ēsu o Sukue! Arata na Mokutekichi wa Daikangoku"" (Japanese: エースを救え! 新たな目的地は大監獄)","September 6, 2009[165]",,,,,,,,,,,,,,,,,,,,,,,
,10,,Naoyuki Itō,Yoshiyuki Suga,,,,,,,,,417.0,"""Love is a Hurricane! Love-Love Hancock!"" Transliteration: ""Koi wa Harikēn! Meromero Hankokku"" (Japanese: 恋はハリケーン! メロメロハンコック)","September 13, 2009[166]",,,,,,,,,,,,,,,,,,,,,,,
,11,,Tetsuya Endō,Hitoshi Tanaka,,,,,,,,,418.0,"""The Friends' Whereabouts – The Science of Weather and the Mechanical Island"" Transliteration: ""Nakama-tachi no Yukue – Tenkō no Kagaku to Karakurishima"" (Japanese: 仲間達の行方 天候の科学とからくり島)","September 20, 2009[167]",,,,,,,,,,,,,,,,,,,,,,,
,12,,Yutaka Nakashima,Yoshiyuki Suga,,,,,,,,,419.0,"""The Friends' Whereabouts! An Island of Giant Birds and a Pink Paradise!"" Transliteration: ""Nakama-tachi no Yukue – Kyōdori no Shima to Momoiro no Rakuen!"" (Japanese: 仲間達の行方 巨鳥の島と桃色の楽園!)","September 27, 2009[168]",,,,,,,,,,,,,,,,,,,,,,,
,13,,Gō Koga,Hitoshi Tanaka,,,,,,,,,420.0,"""The Friends' Whereabouts – Bridging the Islands and Vicious Vegetations!"" Transliteration: ""Nakama-tachi no Yukue – Shima o Tsunagu Hashi to Shokujin Shokubutsu"" (Japanese: 仲間達の行方 島をつなぐ橋と食人植物)","October 4, 2009[169]",,,,,,,,,,,,,,,,,,,,,,,
,14,,Katsumi Tokoro,Yoshiyuki Suga,,,,,,,,,421.0,"""The Friends' Whereabouts! A Negative Princess and the King of Demons!"" Transliteration: ""Nakama-tachi no Yukue – Negatibu Purinsesu to Akumaō"" (Japanese: 仲間達の行方 ネガティブ王女と悪魔王)","October 11, 2009[170]",,,,,,,,,,,,,,,,,,,,,,,
Impel Down,Impel Down,Impel Down,Impel Down,Impel Down,Impel Down,,Impel Down,Impel Down,Impel Down,Impel Down,Impel Down,Impel Down,,,,Impel Down,,,,,,,,,,,,,,,,,,,,,,
422,1,"""A Deadly Infiltration! The Underwater Prison Impel Down!"" Transliteration: ""Kesshi no Sennyū! Kaitei Kangoku Inperu Daun"" (Japanese: 決死の潜入! 海底監獄インペルダウン)",Yoshihiro Ueda,Yoshiyuki Suga,"October 18, 2009[171]",,,,,,,,,,,,,,,,,,,,,,,,,,,,,,,,,
423,2,"""A Reunion in Hell?! The Man Who Ate the Chop-Chop Fruit!"" Transliteration: ""Jigoku de Saikai!? Bara Bara no Mi no Nōryokusha!"" (Japanese: 地獄で再会!? バラバラの実の実力者!)",Directed by : Yutaka Nakashima Storyboarded by : Naoyuki Itō,Hitoshi Tanaka,"October 25, 2009[172]",,,,,,,,,,,,,,,,,,,,,,,,,,,,,,,,,
424,3,"""Break Through the Crimson Hell! Buggy's Chaos-Inducing Plan!"" Transliteration: ""Yabure! Guren Jigoku – Bagī no Dohade Daisakusen"" (Japanese: 破れ! 紅蓮地獄 バギーのド派手大作戦)",Tetsuya Endō,Hitoshi Tanaka,"November 1, 2009[173]",,,,,,,,,,,,,,,,,,,,,,,,,,,,,,,,,
425,4,"""The Strongest Man in the Prison! Poison Man Magellan Appears!"" Transliteration: ""Kangoku Saikyō no Otoko! Doku Ningen Mazeran Tōjō"" (Japanese: 監獄最強の男! 毒人間マゼラン登場)",Sumio Watanabe,Yoshiyuki Suga,"November 8, 2009[174]",,,,,,,,,,,,,,,,,,,,,,,,,,,,,,,,,
Little East Blue,Little East Blue,Little East Blue,Little East Blue,Little East Blue,Little East Blue,,Little East Blue,Little East Blue,Little East Blue,Little East Blue,Little East Blue,Little East Blue,,,,Little East Blue,,,,,,,,,,,,,,,,,,,,,,
426,5,"""A Special Presentation Related to the Movie! A Gold Lion's Ambition on the Move!"" Transliteration: ""Eiga Rendō Supesharu – Ugokidasu Kinjishi no Yabō"" (Japanese: 映画連動特別編 動き出す金獅子の野望)",Hiroaki Miyamoto,Hirohiko Kamisaka,"November 15, 2009[175]",,,,,,,,,,,,,,,,,,,,,,,,,,,,,,,,,
427,6,"""A Special Presentation Related to the Movie! Little East Blue in Danger!"" Transliteration: ""Eiga Rendō Supesharu – Nerawareta Ritoru Īsuto Burū"" (Japanese: 映画連動特別編 狙われた小さな東の海)",Tetsuya Endō,Hirohiko Kamisaka,"November 22, 2009[176]",,,,,,,,,,,,,,,,,,,,,,,,,,,,,,,,,
428,7,"""A Special Presentation Related to the Movie! The Fierce Onslaught of the Amigo Pirates!"" Transliteration: ""Eiga Rendō Supesharu – Amīgo Kaizoku-dan no Mōkō"" (Japanese: 映画連動特別編 アミーゴ海賊団の猛攻)",Directed by : Katsumi Tokoro Storyboarded by : Kenji Yokoyama,Hirohiko Kamisaka,"November 29, 2009[177]",,,,,,,,,,,,,,,,,,,,,,,,,,,,,,,,,
429,8,"""A Special Presentation Related to the Movie! The Battle is on! - Luffy vs. Largo"" Transliteration: ""Eiga Rendō Supesharu – Kessen! Rufi VS Rarugo"" (Japanese: 映画連動特別編 決戦! ルフィVSラルゴ)",Naoyuki Itō,Hirohiko Kamisaka,"December 6, 2009[178]",,,,,,,,,,,,,,,,,,,,,,,,,,,,,,,,,
Impel Down,Impel Down,Impel Down,Impel Down,Impel Down,Impel Down,,Impel Down,Impel Down,Impel Down,Impel Down,Impel Down,Impel Down,,,,Impel Down,,,,,,,,,,,,,,,,,,,,,,
430,9,"""A Warlord in Prison! Jimbei the First Son of the Sea!"" Transliteration: ""Toraware no Ōka Shichibukai! Kaikyō no Jinbē"" (Japanese: 囚われの王下七武海! 海侠のジンベエ)",Yoshihiro Ueda,Yoshiyuki Suga,"December 13, 2009[179]",,,,,,,,,,,,,,,,,,,,,,,,,,,,,,,,,
431,10,"""Chief Jailer Saldeath's Trap! Level 3 – Starvation Hell!"" Transliteration: ""Rōbanchō Sarudesu no Wana – Reberu Surī Kiga Jigoku"" (Japanese: 牢番長サルデスの罠　LV.3飢餓地獄)",Directed by : Sumio Watanabe Storyboarded by : Takahiro Imamura,Hitoshi Tanaka,"December 20, 2009[180]",,,,,,,,,,,,,,,,,,,,,,,,,,,,,,,,,
432,11,"""The Unleashed Swan! A Reunion with Bon Clay!"" Transliteration: ""Tokihanatareta Suwan! Saikai! Bon Kurē"" (Japanese: 解き放たれた白鳥! 再会! ボン・クレー)",Yutaka Nakashima,Hirohiko Kamisaka,"December 27, 2009[181]",,,,,,,,,,,,,,,,,,,,,,,,,,,,,,,,,
433,12,"""Warden Magellan's Strategy! Straw Hat Entrapment Completed!"" Transliteration: ""Shochō Mazeran Ugoku – Kansei! Mugiwara Hōimō"" (Japanese: 署長マゼラン動く 完成! 麦わら包囲網)",Tetsuya Endō,Hirohiko Kamisaka,"January 10, 2010[182]",,,,,,,,,,,,,,,,,,,,,,,,,,,,,,,,,
434,13,"""All Forces Have Gathered! The Battle on Level 4 – The Burning Heat Hell!"" Transliteration: ""Zensenryoku shūketsu! Reberu Fō – Shōnetsu Jigoku no Kessen"" (Japanese: 全戦力集結！ LV4·焦熱地獄の決戦)",Katsumi Tokoro,Hitoshi Tanaka,"January 17, 2010[183]",,,,,,,,,,,,,,,,,,,,,,,,,,,,,,,,,
435,14,"""Mighty Magellan! Bon Clay Bugs Out!"" Transliteration: ""Mazeran Tsuyoshi! Bon Kurē Tekizen Tōbō"" (Japanese: マゼラン強し! ボン・クレー敵前逃亡)",Takahiro Imamura,Yoshiyuki Suga,"January 24, 2010[184]",,,,,,,,,,,,,,,,,,,,,,,,,,,,,,,,,
436,15,"""The Showdown Has Come! Luffy's Desperate Last Attack!"" Transliteration: ""Shiyū Kessu! Sutemi no Rufi Saigo no Ichigeki"" (Japanese: 雌雄決す! 捨て身のルフィ最後の一撃)",Hiroaki Miyamoto,Hitoshi Tanaka,"January 31, 2010[185]",,,,,,,,,,,,,,,,,,,,,,,,,,,,,,,,,
437,16,"""For His Friend! Bon Clay Goes to the Deadly Rescue!"" Transliteration: ""Dachi dakara – Bon Kurē Kesshi no Kyūshutsugyō"" (Japanese: 友達だから　ボン・クレー決死の救出行)",Yoshihiro Ueda,Yoshiyuki Suga,"February 7, 2010[186]",,,,,,,,,,,,,,,,,,,,,,,,,,,,,,,,,
438,17,"""A Paradise in Hell! Impel Down – Level 5.5!"" Transliteration: ""Jigoku ni Rakuen! Inperu Daun Reberu Go ten Go"" (Japanese: 地獄に楽園! インペルダウン LV5.5)",Yoshihiro Ueda,Hirohiko Kamisaka,"February 14, 2010[187]",,,,,,,,,,,,,,,,,,,,,,,,,,,,,,,,,
439,18,"""Luffy's Treatment Begins! Iva's Miraculous Power!"" Transliteration: ""Rufi Chiryō Kaishi! Iwa-san Kiseki no Chikara"" (Japanese: ルフィ治療開始! イワさん奇跡の能力)",Tetsuya Endō,Hirohiko Kamisaka,"February 21, 2010[188]",,,,,,,,,,,,,,,,,,,,,,,,,,,,,,,,,
440,19,"""Believe in Miracles! Bon Clay's Cries From the Heart!"" Transliteration: ""Kiseki o Shinjite! Bon Kurē Tamashii no Seien"" (Japanese: 奇跡を信じて! ボン・クレー魂の声援)",Yutaka Nakashima,Yoshiyuki Suga,"February 28, 2010[189]",,,,,,,,,,,,,,,,,,,,,,,,,,,,,,,,,
441,20,"""Luffy Back In Action! Iva Begins the Breakout Plan!"" Transliteration: ""Rufi Fukkatsu! Iwa-san Datsugoku Keikaku Shidō!!"" (Japanese: ルフィ復活! イワさん脱獄計画始動!!)",Katsumi Tokoro,Hitoshi Tanaka,"March 7, 2010[190]",,,,,,,,,,,,,,,,,,,,,,,,,,,,,,,,,
442,21,"""Ace's Convoy Begins! Battle on the Lowest Floor – Level 6!"" Transliteration: ""Ēsu Gosō Kaishi – Saikasō Reberu Shikkusu Kōbō"" (Japanese: エース護送開始 最下層ＬＶ６の攻防!)",Sumio Watanabe,Hitoshi Tanaka,"March 14, 2010[191]",,,,,,,,,,,,,,,,,,,,,,,,,,,,,,,,,
443,22,"""The Ultimate Team Has Formed! Shaking Impel Down!"" Transliteration: ""Saikyō Chīmu Kessei – Shinkan! Inperudaun"" (Japanese: 最強チーム結成 震撼! インペルダウン)",Tetsuya Endō,Yoshiyuki Suga,"March 21, 2010[192]",,,,,,,,,,,,,,,,,,,,,,,,,,,,,,,,,
444,23,"""Even More Chaos! Here Comes Blackbeard Teach!"" Transliteration: ""Saranaru Konran! Kurohige Tīchi Shūrai!"" (Japanese: さらなる混乱! 黒ひげ・ティーチ襲来!)",Takahiro Imamura,Hirohiko Kamisaka,"March 28, 2010[193]",,,,,,,,,,,,,,,,,,,,,,,,,,,,,,,,,
445,24,"""The Dangerous Encounter! Blackbeard and Shiryu of the Rain!"" Transliteration: ""Kiken na Deai! Kurohige to Ame no Shiryū"" (Japanese: 危険な出会い！黒ひげと雨のシリュウ)",Yoshihiro Ueda,Yoshiyuki Suga,"April 4, 2010[194]",,,,,,,,,,,,,,,,,,,,,,,,,,,,,,,,,
446,25,"""Refusal to be Defeated! Serious Hannyabal"" Transliteration: ""Iji demo Taorenu! Honki no Hannyabaru"" (Japanese: 意地でも倒れぬ！本気のハンニャバル)",Yutaka Nakashima,Hitoshi Tanaka,"April 11, 2010[195]",,,,,,,,,,,,,,,,,,,,,,,,,,,,,,,,,
447,26,"""Jet Pistol of Anger! Luffy vs. Blackbeard!"" Transliteration: ""Ikari no Jetto Pisutoru – Rufi vs Kurohige"" (Japanese: 怒りのJETピストル　ルフィvs黒ヒゲ)",Makoto Sonoda,Yoshiyuki Suga,"April 18, 2010[196]",,,,,,,,,,,,,,,,,,,,,,,,,,,,,,,,,
448,27,"""Stop Magellan! Ivan-san's Esoteric Technique Explodes!"" Transliteration: ""Mazeran o Tomero! Iwa-san Ōgi Sakuretsu"" (Japanese: マゼランを止めろ！イワさん奥義炸裂)",Tetsuya Endō,Yoshiyuki Suga,"April 25, 2010[197]",,,,,,,,,,,,,,,,,,,,,,,,,,,,,,,,,
449,28,"""Magellan's Tricky Move! A Foiled Escape Plan!"" Transliteration: ""Mazeran no Kisaku! Habamareta Datsugoku Sakusen"" (Japanese: マゼランの奇策！はばまれた脱獄計画)",Hiroyuki Satō,Hitoshi Tanaka,"May 2, 2010[198]",,,,,,,,,,,,,,,,,,,,,,,,,,,,,,,,,
450,29,"""The Escapee Team in Trouble! The Forbidden Move: Venom Demon!"" Transliteration: ""Datsugoku Chīmu Zettaizetsumei – Kinjite 'Benomu Dēmon'"" (Japanese: 脱獄チーム絶体絶命 禁じ手""毒の巨兵"")",Katsumi Tokoro,Hirohiko Kamisaka,"May 9, 2010[199]",,,,,,,,,,,,,,,,,,,,,,,,,,,,,,,,,
451,30,"""Come, Final Miracle! Break Through the Gate of Justice!"" Transliteration: ""Okose Saigo no Kiseki – Seigi no Mon o Toppaseyo"" (Japanese: 起こせ最後の奇跡 正義の門を突破せよ)",Takahiro Imamura,Yoshiyuki Suga,"May 16, 2010[200]",,,,,,,,,,,,,,,,,,,,,,,,,,,,,,,,,
452,31,"""To the Navy Headquarters! Off to Rescue Ace!"" Transliteration: ""Mezase Kaigun Honbu – Ēsu Kyūshutsu e no Funade"" (Japanese: 目指せ海軍本部 エース救出への船出!)",Yoshihiro Ueda,Hitoshi Tanaka,"May 23, 2010[201]",,,,,,,,,,,,,,,,,,,,,,,,,,,,,,,,,
453,32,"""The Friends' Whereabouts! The Weatheria Report and the Cyborg Animals!"" Transliteration: ""Nakama-tachi no Yukue – Wezaria Ripōto to Saibōgu Animaru"" (Japanese: 仲間達の行方 空島リポートと改造動物)",Directed by : Aya Komaki Storyboarded by : Tetsuya Endō,Hitoshi Tanaka,"May 30, 2010[202]",,,,,,,,,,,,,,,,,,,,,,,,,,,,,,,,,
454,33,"""The Friends' Whereabouts! The Chick of a Giant Bird and a Pink Showdown!"" Transliteration: ""Nakama-tachi no Yukue – Kyochō no Hina to Momoiro no Taiketsu"" (Japanese: 仲間達の行方 巨鳥のヒナと桃色の対決)",Yutaka Nakashima,Yoshiyuki Suga,"June 6, 2010[203]",,,,,,,,,,,,,,,,,,,,,,,,,,,,,,,,,
455,34,"""The Friends' Whereabouts! Revolutionaries and the Gorging Forest's Trap"" Transliteration: ""Nakama-tachi no Yukue – Kakumeigun to Bōshoku no Mori no Wana!"" (Japanese: 仲間達の行方 革命軍と暴食の森の罠!)",Gō Koga,Hirohiko Kamisaka,"June 13, 2010[204]",,,,,,,,,,,,,,,,,,,,,,,,,,,,,,,,,
456,35,"""The Friends' Whereabouts! A Huge Tomb and the Panty Debt!"" Transliteration: ""Nakama-tachi no Yukue – Kyodai no Hakajirushi to Pantsu no On"" (Japanese: 仲間達の行方 巨大の墓標とパンツの恩)",Katsumi Tokoro,Hirohiko Kamisaka,"June 20, 2010[205]",,,,,,,,,,,,,,,,,,,,,,,,,,,,,,,,,
Marineford,Marineford,Marineford,Marineford,Marineford,Marineford,,Marineford,Marineford,Marineford,Marineford,Marineford,Marineford,,,,Marineford,,,,,,,,,,,,,,,,,,,,,,
457,1,"""A Special Retrospective Before Marineford! The Vow of the Brotherhood"" Transliteration: ""Marinfōdo Chokuzen Kaisou Supesharu – Kyōdai no Chikai!"" (Japanese: 海軍本部直前回想特別編 兄弟の誓い!)",Makoto Sonoda,Hirohiko Kamisaka,"June 27, 2010[206]",,,,,,,,,,,,,,,,,,,,,,,,,,,,,,,,,
458,2,"""A Special Retrospective Before Marineford! The Three Navy Admirals Come Together!"" Transliteration: ""Marinfōdo Chokuzen Kaisou Supesharu – Shūketsu! San Taishō"" (Japanese: 海軍本部直前回想特別編 集結! 三大将)",Hiroyuki Satō,Hirohiko Kamisaka,"July 11, 2010[207]",,,,,,,,,,,,,,,,,,,,,,,,,,,,,,,,,
459,3,"""Ticking Down to the Time of Battle! The Navy's Strongest Lineup in Position!"" Transliteration: ""Kessen no Toki Semaru! Kaigun Saikyō no Fujin Kansei!"" (Japanese: 決戦の刻迫る! 海軍最強の布陣完成!)",Hiroaki Miyamoto,Yoshiyuki Suga,"July 18, 2010[208]",,,,,,,,,,,,,,,,,,,,,,,,,,,,,,,,,
460,4,"""A Vast Fleet Appears! Here Come the Whitebeard Pirates!"" Transliteration: ""Kyodai Kantai Arawaru – Shūrai! Shirohige Kaizoku-dan"" (Japanese: 巨大艦隊あらわる　襲来! 白ひげ海賊団)",Takahiro Imamura,Hitoshi Tanaka,"August 1, 2010[209]",,,,,,,,,,,,,,,,,,,,,,,,,,,,,,,,,
461,5,"""The Beginning of the War! Ace and Whitebeard's Past!"" Transliteration: ""Kessen no Makuake! Ēsu to Shirohige no Kako"" (Japanese: 決戦の幕開け! エースと白ひげの過去)",Directed by : Sumio Watanabe Storyboarded by : Naoyuki Itō,Hitoshi Tanaka,"August 8, 2010[210]",,,,,,,,,,,,,,,,,,,,,,,,,,,,,,,,,
462,6,"""The Force That Could Destroy the World! The Power of the Tremor-Tremor Fruit!"" Transliteration: ""Sekai o Horobosu Chikara! Gura Gura no Mi no Nōryoku"" (Japanese: 世界を滅ぼす力! グラグラの実の能力)",Yoshihiro Ueda,Yoshiyuki Suga,"August 15, 2010[211]",,,,,,,,,,,,,,,,,,,,,,,,,,,,,,,,,
463,7,"""An All-Consuming Inferno!! Admiral Akainu's Power!"" Transliteration: ""Subete o Yakitsukusu!! Taishō Akainu no Chikara!"" (Japanese: すべてを焼き尽くす!! 大将赤犬の能力!)",Yutaka Nakashima,Hirohiko Kamisaka,"August 22, 2010[212]",,,,,,,,,,,,,,,,,,,,,,,,,,,,,,,,,
464,8,"""A Descendant of the Beast! Little Oars Jr. - Full Speed Ahead!"" Transliteration: ""Majin no Shison! Ritoru Ōzu Junia Bakushin!"" (Japanese: 魔人の子孫! リトルオーズJr.驀進！)",Katsumi Tokoro,Hitoshi Tanaka,"August 29, 2010[213]",,,,,,,,,,,,,,,,,,,,,,,,,,,,,,,,,
465,9,"""Justice For the Winners! Sengoku's Strategy in Action!"" Transliteration: ""Shōsha dake ga Seigi – Hatsudō! Sengoku no Sakusen"" (Japanese: 勝者だけが正義 発動! センゴクの作戦)",Aya Komaki,Yoshiyuki Suga,"September 5, 2010[214]",,,,,,,,,,,,,,,,,,,,,,,,,,,,,,,,,
466,10,"""Straw Hat Team Arrives! Tension Grows at the Battlefield"" Transliteration: ""Mugiwara Chīmu Tōchaku – Fūunkyū o Tsugeru Senjō"" (Japanese: 麦わらチーム到着 風雲急を告げる戦場)",Gō Koga,Hirohiko Kamisaka,"September 12, 2010[215]",,,,,,,,,,,,,,,,,,,,,,,,,,,,,,,,,
467,11,"""Even If It Means Death! Luffy vs. the Navy; The Battle Starts!"" Transliteration: ""Shindemo Tasukeru – Rufi VS Kaigun Batoru Sutāto"" (Japanese: 死んでも助ける ルフィVS海軍戦闘開始)",Naoyuki Itō,Hitoshi Tanaka,"September 19, 2010[216]",,,,,,,,,,,,,,,,,,,,,,,,,,,,,,,,,
468,12,"""Hard Battles, One After Another! Devil Fruit Eaters vs. Devil Fruit Eaters!"" Transliteration: ""Gekisen no Renzoku! Nōryokusha Gundan VS Nōryokusha Gundan"" (Japanese: 激戦の連続! 能力者軍団VS能力者軍団)",Makoto Sonoda,Yoshiyuki Suga,"September 26, 2010[217]",,,,,,,,,,,,,,,,,,,,,,,,,,,,,,,,,
469,13,"""Kuma's Transformation! Ivan-san's Blow of Anger!"" Transliteration: ""Kuma ni Okita Ihen – Iwa-san Ikari no Ichigeki"" (Japanese: クマに起きた異変　イワさん怒りの一撃)",Yoshihiro Ueda,Hirohiko Kamisaka,"October 3, 2010[218]",,,,,,,,,,,,,,,,,,,,,,,,,,,,,,,,,
470,14,"""The Great Swordsman Mihawk! Luffy Comes Under the Attack of the Black Sword!"" Transliteration: ""Kengō Mihōku – Rufi ni Semaru Kokutō no Zangeki"" (Japanese: 剣豪ミホーク ルフィに迫る黒刀の斬撃)",Takahiro Imamura,Yoshiyuki Suga,"October 10, 2010[219]",,,,,,,,,,,,,,,,,,,,,,,,,,,,,,,,,
471,15,"""The Extermination Strategy in Action! The Power of the Pacifistas!"" Transliteration: ""Senmetsu Sakusen Shidō – Pashifisuta Gundan no Iryoku"" (Japanese: 殲滅作戦始動 パシフィスタ軍団の威力)",Yutaka Nakashima,Hitoshi Tanaka,"October 17, 2010[220]",,,,,,,,,,,,,,,,,,,,,,,,,,,,,,,,,
472,16,"""Akainu's Plot! Whitebeard Entrapped!"" Transliteration: ""Akainu no Bōryaku! Otoshiirerareta Shirohige"" (Japanese: 赤犬の謀略! おとしいれられた白ひげ)",Sumio Watanabe,Hirohiko Kamisaka,"October 24, 2010[221]",,,,,,,,,,,,,,,,,,,,,,,,,,,,,,,,,
473,17,"""The Encircling Walls Activated! The Whitebeard Pirates Backed into a Corner!!"" Transliteration: ""Hōi Sakusen Sadō! Shirohige Kaizoku-dan Zettaizetsumei!!"" (Japanese: 包囲壁作動! 白ひげ海賊団絶体絶命!!)",Hiroaki Miyamoto,Hitoshi Tanaka,"October 31, 2010[222]",,,,,,,,,,,,,,,,,,,,,,,,,,,,,,,,,
474,18,"""Execution Order Issued! Break Through the Encircling Walls!"" Transliteration: ""Shokei Shikkō Meirei Kudaru – Hōiheki o Toppaseyo!"" (Japanese: 処刑執行命令下る 包囲壁を突破せよ!)",Aya Komaki,Yoshiyuki Suga,"November 7, 2010[223]",,,,,,,,,,,,,,,,,,,,,,,,,,,,,,,,,
475,19,"""Moving Into the Final Phase! Whitebeard's Trump Card for Recovery!"" Transliteration: ""Saishū Kyokumen Totsunyū! Shirohige Kishikaisei no Itte"" (Japanese: 最終局面突入! 白ひげ起死回生の一手)",Katsumi Tokoro,Hirohiko Kamisaka,"November 14, 2010[224]",,,,,,,,,,,,,,,,,,,,,,,,,,,,,,,,,
476,20,"""Luffy at the End of his Tether! An All-Out Battle at the Oris Plaza!"" Transliteration: ""Rufi Chikaratsuku! Orisu Hiroba no Sōryokusen!!"" (Japanese: ルフィ力尽く! オリス広場の総力戦!!)",Yoshihiro Ueda,Hitoshi Tanaka,"November 21, 2010[225]",,,,,,,,,,,,,,,,,,,,,,,,,,,,,,,,,
477,21,"""The Power That Will Shorten One's Life! Energy Hormone, Redux!"" Transliteration: ""Inochi o Kezuru Chikara – Tenshon Horumon Futatabi"" (Japanese: 命を削る力 テンション・ホルモン再び)",Naoyuki Itō,Yoshiyuki Suga,"November 28, 2010[226]",,,,,,,,,,,,,,,,,,,,,,,,,,,,,,,,,
478,22,"""To Live Up to a Promise! Luffy and Coby Collide!"" Transliteration: ""Yakusoku no Tame ni!! Gekitotsu! Rufi to Kobī"" (Japanese: 約束のために!! 激突! ルフィとコビー)",Gō Koga,Hirohiko Kamisaka,"December 5, 2010[227]",,,,,,,,,,,,,,,,,,,,,,,,,,,,,,,,,
479,23,"""The Scaffold at Last! The Way to Ace Has Opened!"" Transliteration: ""Shokeidai Mokuzen! Hirakareta Ēsu e no Michi!!"" (Japanese: 処刑台目前! 開かれたエースへの道!!)",Makoto Sonoda,Hitoshi Tanaka,"December 12, 2010[228]",,,,,,,,,,,,,,,,,,,,,,,,,,,,,,,,,
480,24,"""Each on Different Paths! Luffy vs. Garp!"" Transliteration: ""Sorezore no Eranda Michi – Rufi vs Gāpu!"" (Japanese: それぞれの選んだ道　ルフィVSガープ!)",Takahiro Imamura,Yoshiyuki Suga,"December 19, 2010[229]",,,,,,,,,,,,,,,,,,,,,,,,,,,,,,,,,
481,25,"""Ace Rescued! Whitebeard's Final Order!"" Transliteration: ""Ēsu Kyūshutsu! Shirohige Saigo no Senchō Meirei!"" (Japanese: エース救出! 白ひげ最後の船長命令!)",Yutaka Nakashima,Hirohiko Kamisaka,"December 26, 2010[230]",,,,,,,,,,,,,,,,,,,,,,,,,,,,,,,,,
482,26,"""The Power That Can Burn Even Fire! Akainu's Ruthless Pursuit!"" Transliteration: ""Hi o mo Yakitsukusu Chikara – Akainu Hijō no Tsuigeki"" (Japanese: 火をも焼き尽くす能力 赤犬非情の追撃)",Yoshihiro Ueda,Yoshiyuki Suga,"January 9, 2011[231]",,,,,,,,,,,,,,,,,,,,,,,,,,,,,,,,,
483,27,"""Looking for the Answer! Fire Fist Ace Dies on the Battlefield!"" Transliteration: ""Kotae o Sagashite – Hiken no Ēsu Senjō ni Shisu"" (Japanese: 答えを探して 火拳のエース戦場に死す)",Hiroaki Miyamoto,Hirohiko Kamisaka,"January 16, 2011[232]",,,,,,,,,,,,,,,,,,,,,,,,,,,,,,,,,
484,28,"""The Navy Headquarters Falls! Whitebeard's Unspeakable Wrath!"" Transliteration: ""Kaigun Honbu Hōkai! Shirohige Kotobanaki Ikari!"" (Japanese: 海軍本部崩壊! 白ひげ言葉なき怒り!)",Aya Komaki,Hitoshi Tanaka,"January 23, 2011[233]",,,,,,,,,,,,,,,,,,,,,,,,,,,,,,,,,
485,29,"""Ending the Matter! Whitebeard vs. The Blackbeard Pirates!"" Transliteration: ""Kejime o Tsukeru – Shirohige VS Kurohige Kaizoku-dan"" (Japanese: ケジメをつける 白ひげVS黒ひげ海賊団)",Katsumi Tokoro,Hirohiko Kamisaka,"January 30, 2011[234]",,,,,,,,,,,,,,,,,,,,,,,,,,,,,,,,,
486,30,"""The Show Begins! Blackbeard's Plot is Revealed!"" Transliteration: ""Shō no Kaimaku – Akasareta Kurohige no Takurami"" (Japanese: ショーの開幕 明かされた黒ひげの企み)",Naoyuki Itō,Yoshiyuki Suga,"February 6, 2011[235]",,,,,,,,,,,,,,,,,,,,,,,,,,,,,,,,,
487,31,"""The Insatiable Akainu! Lava Fists Pummel Luffy!"" Transliteration: ""Akainu no Shūnen! Rufi o Osou Maguma no Kobushi"" (Japanese: 赤犬の執念! ルフィを襲うマグマの拳)",Gō Koga,Hitoshi Tanaka,"February 13, 2011[236]",,,,,,,,,,,,,,,,,,,,,,,,,,,,,,,,,
488,32,"""The Desperate Scream! Courageous Moments That Will Change the Future"" Transliteration: ""Hisshi no Sakebi – Unmei o Kaeru Yūki aru Sūbyō"" (Japanese: 必死の叫び 運命を変える勇気ある数秒)",Yoshihiro Ueda,Yoshiyuki Suga,"February 20, 2011[237]",,,,,,,,,,,,,,,,,,,,,,,,,,,,,,,,,
489,33,"""Here Comes Shanks! The War of the Best is Finally Over!"" Transliteration: ""Shankusu Kenzan! Chōjō Sensō Tsuini Shūketsu"" (Japanese: シャンクス見参! 頂上戦争ついに終結)",Yutaka Nakashima,Hitoshi Tanaka,"March 6, 2011[238]",,,,,,,,,,,,,,,,,,,,,,,,,,,,,,,,,
Post-War,Post-War,Post-War,Post-War,Post-War,Post-War,,Post-War,Post-War,Post-War,Post-War,Post-War,Post-War,,,,Post-War,,,,,,,,,,,,,,,,,,,,,,
490,34,"""Mighty Leaders Face Each Other Down! Heralding the ""New Era""!"" Transliteration: ""Gun'yūkakkyosu! ""Atarashī Jidai"" no Hajimari!"" (Japanese: 群雄割拠す! ""新しい時代""の始まり!)",Directed by : Takahiro Imamura Storyboarded by : Naotoshi Shida,Hirohiko Kamisaka,"March 20, 2011[239]",,,,,,,,,,,,,,,,,,,,,,,,,,,,,,,,,
491,35,"""Landing at the Maiden Island! The Harsh Reality Falls Upon Luffy!"" Transliteration: ""Nyōgashima Jōriku – Rufi o Semeru Kakoku na Genjitsu"" (Japanese: 女ヶ島上陸 ルフィを責める過酷な現実)",Directed by : Makoto Sonoda Storyboarded by : Eisaku Inoue,Yoshiyuki Suga,"March 27, 2011[240]",,,,,,,,,,,,,,,,,,,,,,,,,,,,,,,,,
Toriko x One Piece Collaboration Special,Toriko x One Piece Collaboration Special,Toriko x One Piece Collaboration Special,Toriko x One Piece Collaboration Special,Toriko x One Piece Collaboration Special,Toriko x One Piece Collaboration Special,,Toriko x One Piece Collaboration Special,Toriko x One Piece Collaboration Special,Toriko x One Piece Collaboration Special,Toriko x One Piece Collaboration Special,Toriko x One Piece Collaboration Special,Toriko x One Piece Collaboration Special,,,,Toriko x One Piece Collaboration Special,,,,,,,,,,,,,,,,,,,,,,
492,36,"""The Strongest Tag-Team! Luffy and Toriko's Hard Struggle!"" Transliteration: ""Saikyō Taggu! Funtō, Rufi to Toriko!"" (Japanese: 最強タッグ! 奮闘、ルフィとトリコ!)",Naoyuki Itō,Isao Murayama,"April 3, 2011[241][n 9]",,,,,,,,,,,,,,,,,,,,,,,,,,,,,,,,,
Post-War,Post-War,Post-War,Post-War,Post-War,Post-War,,Post-War,Post-War,Post-War,Post-War,Post-War,Post-War,,,,Post-War,,,,,,,,,,,,,,,,,,,,,,
493,37,"""Luffy and Ace! The Story of How the Brothers Met!"" Transliteration: ""Rufi to Ēsu – Kyōdai no Deai no Monogatari!"" (Japanese: ルフィとエース 兄弟の出会いの物語!)",Aya Komaki,Hitoshi Tanaka,"April 10, 2011[243]",,,,,,,,,,,,,,,,,,,,,,,,,,,,,,,,,
494,38,"""Here Comes Sabo! The Boy at the Gray Terminal!"" Transliteration: ""Sabo Tōjō! Gurei Tāminaru no Shōnen"" (Japanese: サボ登場! 不確かな物の終着駅の少年)",Katsumi Tokoro,Hitoshi Tanaka,"April 17, 2011[244]",,,,,,,,,,,,,,,,,,,,,,,,,,,,,,,,,
495,39,"""I Won't Run! Ace's Desperate Rescue Operation!"" Transliteration: ""Ore wa Nigenai – Ēsu Kesshi no Kyūshutsu Sakusen"" (Japanese: おれは逃げない エース決死の救出作戦)",Yoshihiro Ueda,Hirohiko Kamisaka,"April 24, 2011[245]",,,,,,,,,,,,,,,,,,,,,,,,,,,,,,,,,
496,40,"""To The Sea Someday! The Pledge of the Three Brats!"" Transliteration: ""Itsuka Umi e! San'nin no Akudō Chikai no Sakazuki!"" (Japanese: いつか海へ! 三人の悪童ちかいの盃!)",Yutaka Nakashima,Yoshiyuki Suga,"May 1, 2011[246]",,,,,,,,,,,,,,,,,,,,,,,,,,,,,,,,,
497,41,"""Leaving the Dadan Family for Good?! The Kids' Hideout Has Been Built!"" Transliteration: ""Dadan Ikka to no Wakare!? Kansei! Himitsu Kichi"" (Japanese: ダダン一家との別れ!? 完成! 秘密基地)",Gō Koga,Hitoshi Tanaka,"May 8, 2011[247]",,,,,,,,,,,,,,,,,,,,,,,,,,,,,,,,,
498,42,"""Luffy Becoming an Apprentice?! A Man Who Fought Against the King of the Pirates!"" Transliteration: ""Rufi Deshi-iri!? Kaizoku-Ō to Tatakatta Otoko!"" (Japanese: ルフィ弟子入り!?　海賊王と戦った男!)",Takahiro Imamura,Hirohiko Kamisaka,"May 15, 2011[248]",,,,,,,,,,,,,,,,,,,,,,,,,,,,,,,,,
499,43,"""The Battle against the Big Tiger! Who is Going to be Captain?!"" Transliteration: ""Ōtora to no Kessen! Senchō ni Naru no wa Dare da!"" (Japanese: 大虎との決戦! 船長になるのは誰だ!)",Hiroaki Miyamoto,Hirohiko Kamisaka,"May 22, 2011[249]",,,,,,,,,,,,,,,,,,,,,,,,,,,,,,,,,
500,44,"""Freedom Taken Away! The Nobles' Plot Closing in on the Brothers!"" Transliteration: ""Ubawareta Jiyū! Sankyōdai ni Semaru Kizoku no Wana"" (Japanese: 奪われた自由! 三兄弟に迫る貴族の罠)",Makoto Sonoda,Yoshiyuki Suga,"May 29, 2011[250]",,,,,,,,,,,,,,,,,,,,,,,,,,,,,,,,,
501,45,"""The Fire Has Been Set! The Gray Terminal in Crisis!"" Transliteration: ""Hanatareta Honō – Gurei Tāminaru no Kiki"" (Japanese: 放たれた炎 グレイ・ターミナルの危機)",Yoshihiro Ueda,Hitoshi Tanaka,"June 5, 2011[251]",,,,,,,,,,,,,,,,,,,,,,,,,,,,,,,,,
502,46,"""Where Can Freedom be Found? A Sad Departure of a Boy!"" Transliteration: ""Jiyū wa Doko ni Aru? Shōnen no Kanashiki Funade"" (Japanese: 自由はどこにある? 少年の悲しき船出)",Katsumi Tokoro,Hirohiko Kamisaka,"June 12, 2011[252]",,,,,,,,,,,,,,,,,,,,,,,,,,,,,,,,,
503,47,"""Take Good Care of Him! A Letter from the Brother!"" Transliteration: ""Yoroshiku Tanomu! Kyōdai kara Todoita Tegami!"" (Japanese: よろしく頼む! 兄弟から届いた手紙!)",Aya Komaki,Yoshiyuki Suga,"June 19, 2011[253]",,,,,,,,,,,,,,,,,,,,,,,,,,,,,,,,,
504,48,"""To Live Up to the Promise! Departures of Their Own!"" Transliteration: ""Yakusoku o Hatasu Tame – Sorezore no Tabidachi!"" (Japanese: 約束を果たすため それぞれの旅立ち!)",Yutaka Nakashima,Hitoshi Tanaka,"June 26, 2011[254]",,,,,,,,,,,,,,,,,,,,,,,,,,,,,,,,,
505,49,"""I Want to See Them! Luffy's Mournful Cry!"" Transliteration: ""Aitsura ni Aitē! Rufi Namida no Sakebi"" (Japanese: あいつらに会いてェ! ルフィ涙の叫び)",Yoshihiro Ueda,Yoshiyuki Suga,"July 3, 2011",,,,,,,,,,,,,,,,,,,,,,,,,,,,,,,,,
506,50,"""Straw Hats in Shock! The Bad News Has Reached Them!"" Transliteration: ""Mugiwara no Ichimi Gekishin! Motarasareta Kyōhō"" (Japanese: 麦わらの一味激震! もたらされた凶報)",Gō Koga,Hitoshi Tanaka,"July 10, 2011",,,,,,,,,,,,,,,,,,,,,,,,,,,,,,,,,
507,51,"""Reunited with Dark King Rayleigh! Decision Time for Luffy!"" Transliteration: ""Meiō Reirī to no Saikai – Rufi Ketsudan no Toki"" (Japanese: 冥王レイリーとの再会 ルフィ決断の時)",Takahiro Imamura,Tomohiro Nakayama,"July 17, 2011",,,,,,,,,,,,,,,,,,,,,,,,,,,,,,,,,
508,52,"""Back to Our Captain! A Jail Break at the Sky Island and the Incident on the Winter Island!"" Transliteration: ""Senchō no Moto e – Sorajima no Datsugoku to Fuyujima no Jiken"" (Japanese: 船長のもとへ 空島の脱獄と冬島の事件)",Katsumi Tokoro,Hirohiko Kamisaka,"July 31, 2011",,,,,,,,,,,,,,,,,,,,,,,,,,,,,,,,,
509,53,"""Encounter! The Great Swordsman Mihawk! Zoro's Self-Willed Deadly Struggle!"" Transliteration: ""Sesshoku! Daikengō Mihōku – Zoro Iji no Shitō"" (Japanese: 接触! 大剣豪ミホーク ゾロ意地の死闘)",Yoshihiro Ueda,Yoshiyuki Suga,"August 7, 2011",,,,,,,,,,,,,,,,,,,,,,,,,,,,,,,,,
510,54,"""A Disaster for Sanji! The Queen's Return to the Kingdom!"" Transliteration: ""Sanji no Junan – Ōkoku e to Kikanshita Joō!"" (Japanese: サンジの受難 王国へと帰還した女王!)",Yoshihiro Ueda,Tomohiro Nakayama,"August 14, 2011",,,,,,,,,,,,,,,,,,,,,,,,,,,,,,,,,
511,55,"""Unexpected Relanding! Luffy, to Marineford!"" Transliteration: ""Masaka no Saijōriku! Rufi Marinfōdo e!"" (Japanese: まさかの再上陸! ルフィ海軍本部へ!)",Makoto Sonoda,Hitoshi Tanaka,"August 21, 2011",,,,,,,,,,,,,,,,,,,,,,,,,,,,,,,,,
512,56,"""With Hopes It Will Reach My Friends! Big News Spreading Fast!"" Transliteration: ""Nakama ni Todoke – Kakemeguru Dai-nyūsu!"" (Japanese: 仲間に届け かけめぐる大ニュース!)",Yutaka Nakashima,Hirohiko Kamisaka,"August 28, 2011",,,,,,,,,,,,,,,,,,,,,,,,,,,,,,,,,
513,57,"""Pirates Get on the Move! Astounding New World!"" Transliteration: ""Ugokidasu Kaizoku-tachi! Kyōtendōchi no Shinsekai"" (Japanese: 動き出す海賊たち! 驚天動地の新世界)",Hiroyuki Satō,Yoshiyuki Suga,"September 4, 2011",,,,,,,,,,,,,,,,,,,,,,,,,,,,,,,,,
514,58,"""Living through Hell! Sanji's Fight for His Manhood!"" Transliteration: ""Jigoku o Ikinuke – Sanji Otoko o Kaketa Shōbu"" (Japanese: 地獄を生き抜け サンジ男をかけた勝負)",Aya Komaki,Hitoshi Tanaka,"September 11, 2011",,,,,,,,,,,,,,,,,,,,,,,,,,,,,,,,,
515,59,"""I Will Get Much, Much Stronger! Zoro's Pledge to his Captain!"" Transliteration: ""Madamada Tsuyoku Naru! Zoro Senchō e no Chikai"" (Japanese: まだまだ強くなる! ゾロ船長への誓い)",Yoshihiro Ueda,Tomohiro Nakayama,"September 18, 2011",,,,,,,,,,,,,,,,,,,,,,,,,,,,,,,,,
516,60,"""Luffy's Training Begins! To the Place We Promised in 2 Years!"" Transliteration: ""Rufi Shugyō Kaishi – Ninengo ni Yakusoku no Basho de"" (Japanese: ルフィ修行開始 2年後に約束の場所で)",Katsumi Tokoro,Hirohiko Kamisaka,"September 25, 2011",,,,,,,,,,,,,,,,,,,,,,,,,,,,,,,,,
,,"""Romance Dawn Story"" Transliteration: ""Romansu Dōn Sutōrī"" (Japanese: ロマンス ドーン ストーリー)",,,"September 21, 2008",,,,,,,,,,,,2,,,,,,,,,,,,,,,,,,,,,
,,"In search for food for his crew, Luffy arrives at a port town, defeating a pirate named Crescent Moon Gally on the way. He meets a girl named Silk in town, who was abandoned by attacking pirates as a baby and raised by the mayor, which has caused her to value the town as her ""treasure"". The villagers mistake Luffy for Gally and capture him just as the real Gally returns. Gally throws Luffy in the water and plans to destroy the town, but Silk saves him and Luffy goes after Gally. His crew arrives to help him, and with his help, he recovers the treasure for the town, gets some food, and destroys Gally's ship.",,,"In search for food for his crew, Luffy arrives at a port town, defeating a pirate named Crescent Moon Gally on the way. He meets a girl named Silk in town, who was abandoned by attacking pirates as a baby and raised by the mayor, which has caused her to value the town as her ""treasure"". The villagers mistake Luffy for Gally and capture him just as the real Gally returns. Gally throws Luffy in the water and plans to destroy the town, but Silk saves him and Luffy goes after Gally. His crew arrives to help him, and with his help, he recovers the treasure for the town, gets some food, and destroys Gally's ship.",,,,,,,,,,,,"In search for food for his crew, Luffy arrives at a port town, defeating a pirate named Crescent Moon Gally on the way. He meets a girl named Silk in town, who was abandoned by attacking pirates as a baby and raised by the mayor, which has caused her to value the town as her ""treasure"". The villagers mistake Luffy for Gally and capture him just as the real Gally returns. Gally throws Luffy in the water and plans to destroy the town, but Silk saves him and Luffy goes after Gally. His crew arrives to help him, and with his help, he recovers the treasure for the town, gets some food, and destroys Gally's ship.","In search for food for his crew, Luffy arrives at a port town, defeating a pirate named Crescent Moon Gally on the way. He meets a girl named Silk in town, who was abandoned by attacking pirates as a baby and raised by the mayor, which has caused her to value the town as her ""treasure"". The villagers mistake Luffy for Gally and capture him just as the real Gally returns. Gally throws Luffy in the water and plans to destroy the town, but Silk saves him and Luffy goes after Gally. His crew arrives to help him, and with his help, he recovers the treasure for the town, gets some food, and destroys Gally's ship.",,,,,,,,,,,,,,,,,,,,
,,"""Strong World: Episode 0"" Transliteration: ""Sutorongu Wārudo: Episōdo Zero"" (Japanese: ストロングワールド Episode 0)",,,"December 12, 2009",,,,,,,,,,,,3,,,,,,,,,,,,,,,,,,,,,
,,"The introductory chapter to the movie, Strong World, which depicts the events surrounding Gold Roger's execution.",,,"The introductory chapter to the movie, Strong World, which depicts the events surrounding Gold Roger's execution.",,,,,,,,,,,,"The introductory chapter to the movie, Strong World, which depicts the events surrounding Gold Roger's execution.","The introductory chapter to the movie, Strong World, which depicts the events surrounding Gold Roger's execution.",,,,,,,,,,,,,,,,,,,,
,,,,,,,,,,,,,,,,,,,,9thシーズン エニエス·ロビー篇,piece.01,264–266,"January 9, 2008",[255],,,,,,,,,,,,,,
,,,,,,,,,,,,,,,,,,,,9thシーズン エニエス·ロビー篇,piece.02,267–269,"February 6, 2008",[256],,,,,,,,,,,,,,
,,,,,,,,,,,,,,,,,,,,9thシーズン エニエス·ロビー篇,piece.03,270–272,"March 5, 2008",[257],,,,,,,,,,,,,,
,,,,,,,,,,,,,,,,,,,,9thシーズン エニエス·ロビー篇,piece.04,273–275,"April 2, 2008",[258],,,,,,,,,,,,,,
,,,,,,,,,,,,,,,,,,,,9thシーズン エニエス·ロビー篇,piece.05,276–278,"May 7, 2008",[259],,,,,,,,,,,,,,
,,,,,,,,,,,,,,,,,,,,9thシーズン エニエス·ロビー篇,piece.06,284–286,"June 4, 2008",[260],,,,,,,,,,,,,,
,,,,,,,,,,,,,,,,,,,,9thシーズン エニエス·ロビー篇,piece.07,287–289,"July 7, 2008",[261],,,,,,,,,,,,,,
,,,,,,,,,,,,,,,,,,,,9thシーズン エニエス·ロビー篇,piece.08,"290, 293–294","August 6, 2008",[262],,,,,,,,,,,,,,
,,,,,,,,,,,,,,,,,,,,9thシーズン エニエス·ロビー篇,piece.09,295–297,"September 3, 2008",[263],,,,,,,,,,,,,,
,,,,,,,,,,,,,,,,,,,,9thシーズン エニエス·ロビー篇,piece.10,298–300,"October 1, 2008",[264],,,,,,,,,,,,,,
,,,,,,,,,,,,,,,,,,,,9thシーズン エニエス·ロビー篇,piece.11,"301–302, 304","November 5, 2008",[265],,,,,,,,,,,,,,
,,,,,,,,,,,,,,,,,,,,9thシーズン エニエス·ロビー篇,piece.12,305–307,"December 3, 2008",[266],,,,,,,,,,,,,,
,,,,,,,,,,,,,,,,,,,,9thシーズン エニエス·ロビー篇,piece.13,308–310,"January 7, 2009",[267],,,,,,,,,,,,,,
,,,,,,,,,,,,,,,,,,,,9thシーズン エニエス·ロビー篇,piece.14,311–313,"February 4, 2009",[268],,,,,,,,,,,,,,
,,,,,,,,,,,,,,,,,,,,9thシーズン エニエス·ロビー篇,piece.15,314–316,"March 4, 2009",[269],,,,,,,,,,,,,,
,,,,,,,,,,,,,,,,,,,,9thシーズン エニエス·ロビー篇,piece.16,317–319,"April 1, 2009",[270],,,,,,,,,,,,,,
,,,,,,,,,,,,,,,,,,,,9thシーズン エニエス·ロビー篇,piece.17,320–322,"May 13, 2009",[271],,,,,,,,,,,,,,
,,,,,,,,,,,,,,,,,,,,9thシーズン エニエス·ロビー篇,piece.18,323–325,"June 6, 2009",[272],,,,,,,,,,,,,,
,,,,,,,,,,,,,,,,,,,,9thシーズン エニエス·ロビー篇,piece.19,326–328,"July 1, 2009",[273],,,,,,,,,,,,,,
,,,,,,,,,,,,,,,,,,,,9thシーズン エニエス·ロビー篇,piece.20,329–331,"August 5, 2009",[274],,,,,,,,,,,,,,
,,,,,,,,,,,,,,,,,,,,9thシーズン エニエス·ロビー篇,piece.21,332–335,"September 2, 2009",[275],,,,,,,,,,,,,,
,,,,,,,,,,,,,,,,,,,,10thシーズン スリラーバーク篇,piece.01,337–339,"October 7, 2009",[276],,,,,,,,,,,,,,
,,,,,,,,,,,,,,,,,,,,10thシーズン スリラーバーク篇,piece.02,340–342,"November 6, 2009",[277],,,,,,,,,,,,,,
,,,,,,,,,,,,,,,,,,,,10thシーズン スリラーバーク篇,piece.03,343–345,"December 2, 2009",[278],,,,,,,,,,,,,,
,,,,,,,,,,,,,,,,,,,,10thシーズン スリラーバーク篇,piece.04,346–348,"January 6, 2010",[279],,,,,,,,,,,,,,
,,,,,,,,,,,,,,,,,,,,10thシーズン スリラーバーク篇,piece.05,349–351,"February 3, 2010",[280],,,,,,,,,,,,,,
,,,,,,,,,,,,,,,,,,,,10thシーズン スリラーバーク篇,piece.06,352–354,"March 3, 2010",[281],,,,,,,,,,,,,,
,,,,,,,,,,,,,,,,,,,,10thシーズン スリラーバーク篇,piece.07,355–357,"April 7, 2010",[282],,,,,,,,,,,,,,
,,,,,,,,,,,,,,,,,,,,10thシーズン スリラーバーク篇,piece.08,358–360,"May 7, 2010",[283],,,,,,,,,,,,,,
,,,,,,,,,,,,,,,,,,,,10thシーズン スリラーバーク篇,piece.09,361–363,"June 2, 2010",[284],,,,,,,,,,,,,,
,,,,,,,,,,,,,,,,,,,,10thシーズン スリラーバーク篇,piece.10,364–366,"July 7, 2010",[285],,,,,,,,,,,,,,
,,,,,,,,,,,,,,,,,,,,10thシーズン スリラーバーク篇,piece.11,367–369,"August 4, 2010",[286],,,,,,,,,,,,,,
,,,,,,,,,,,,,,,,,,,,10thシーズン スリラーバーク篇,piece.12,370–372,"September 1, 2010",[287],,,,,,,,,,,,,,
,,,,,,,,,,,,,,,,,,,,10thシーズン スリラーバーク篇,piece.13,373–375,"October 6, 2010",[288],,,,,,,,,,,,,,
,,,,,,,,,,,,,,,,,,,,10thシーズン スリラーバーク篇,piece.14,376–378,"November 5, 2010",[289],,,,,,,,,,,,,,
,,,,,,,,,,,,,,,,,,,,10thシーズン スリラーバーク篇,piece.15,379–381,"December 12, 2010",[290],,,,,,,,,,,,,,
,,,,,,,,,,,,,,,,,,,,11thシーズン シャボンディ諸島篇,piece.01,382–385,"January 7, 2011",[291],,,,,,,,,,,,,,
,,,,,,,,,,,,,,,,,,,,11thシーズン シャボンディ諸島篇,piece.02,386–389,"January 7, 2011",[292],,,,,,,,,,,,,,
,,,,,,,,,,,,,,,,,,,,11thシーズン シャボンディ諸島篇,piece.03,390–393,"February 2, 2011",[293],,,,,,,,,,,,,,
,,,,,,,,,,,,,,,,,,,,11thシーズン シャボンディ諸島篇,piece.04,394–397,"February 2, 2011",[294],,,,,,,,,,,,,,
,,,,,,,,,,,,,,,,,,,,11thシーズン シャボンディ諸島篇,piece.05,398–401,"March 2, 2011",[295],,,,,,,,,,,,,,
,,,,,,,,,,,,,,,,,,,,11thシーズン シャボンディ諸島篇,piece.06,402–405,"March 2, 2011",[296],,,,,,,,,,,,,,
,,,,,,,,,,,,,,,,,,,,12thシーズン 女ヶ島篇,piece.01,408–411,"April 6, 2011",[297],,,,,,,,,,,,,,
,,,,,,,,,,,,,,,,,,,,12thシーズン 女ヶ島篇,piece.02,412–415,"April 6, 2011",[298],,,,,,,,,,,,,,
,,,,,,,,,,,,,,,,,,,,12thシーズン 女ヶ島篇,piece.03,416–418,"May 11, 2011",[299],,,,,,,,,,,,,,
,,,,,,,,,,,,,,,,,,,,12thシーズン 女ヶ島篇,piece.04,419–421,"May 11, 2011",[300],,,,,,,,,,,,,,
,,,,,,,,,,,,,,,,,,,,13thシーズン インペルダウン篇,piece.01,422–425,"June 1, 2011",[301],,,,,,,,,,,,,,
,,,,,,,,,,,,,,,,,,,,13thシーズン インペルダウン篇,piece.02,430–433,"June 1, 2011",[302],,,,,,,,,,,,,,
,,,,,,,,,,,,,,,,,,,,13thシーズン インペルダウン篇,piece.03,434–437,"July 6, 2011",[303],,,,,,,,,,,,,,
,,,,,,,,,,,,,,,,,,,,13thシーズン インペルダウン篇,piece.04,438–441,"July 6, 2011",[304],,,,,,,,,,,,,,
,,,,,,,,,,,,,,,,,,,,13thシーズン インペルダウン篇,piece.05,442–445,"August 3, 2011",[305],,,,,,,,,,,,,,
,,,,,,,,,,,,,,,,,,,,13thシーズン インペルダウン篇,piece.06,446–449,"August 3, 2011",[306],,,,,,,,,,,,,,
,,,,,,,,,,,,,,,,,,,,13thシーズン インペルダウン篇,piece.07,450–453,"September 7, 2011",[307],,,,,,,,,,,,,,
,,,,,,,,,,,,,,,,,,,,13thシーズン インペルダウン篇,piece.08,454–458,"September 7, 2011",[308],,,,,,,,,,,,,,
,,,,,,,,,,,,,,,,,,,,14THシーズン マリンフォード編,piece.01,459–462,"October 5, 2011",[309],,,,,,,,,,,,,,
,,,,,,,,,,,,,,,,,,,,14THシーズン マリンフォード編,piece.02,463–466,"November 2, 2011",[310],,,,,,,,,,,,,,
,,,,,,,,,,,,,,,,,,,,14THシーズン マリンフォード編,piece.03,467–470,"December 7, 2011",[311],,,,,,,,,,,,,,
,,,,,,,,,,,,,,,,,,,,14THシーズン マリンフォード編,piece.04,471–474,"January 11, 2012",[312],,,,,,,,,,,,,,
,,,,,,,,,,,,,,,,,,,,14THシーズン マリンフォード編,piece.05,475–478,"February 1, 2012",[313],,,,,,,,,,,,,,
,,,,,,,,,,,,,,,,,,,,14THシーズン マリンフォード編,piece.06,479–482,"March 3, 2012",[314],,,,,,,,,,,,,,
,,,,,,,,,,,,,,,,,,,,14THシーズン マリンフォード編,piece.07,483–486,"April 4, 2012",[315],,,,,,,,,,,,,,
,,,,,,,,,,,,,,,,,,,,14THシーズン マリンフォード編,piece.08,487–490,"May 9, 2012",[316],,,,,,,,,,,,,,
,,,,,,,,,,,,,,,,,,,,14THシーズン マリンフォード編,piece.09,"491, 493–495","June 6, 2012",[317],,,,,,,,,,,,,,
,,,,,,,,,,,,,,,,,,,,14THシーズン マリンフォード編,piece.10,496–499,"July 4, 2012",[318],,,,,,,,,,,,,,
,,,,,,,,,,,,,,,,,,,,14THシーズン マリンフォード編,piece.11,500–503,"August 1, 2012",[319],,,,,,,,,,,,,,
,,,,,,,,,,,,,,,,,,,,14THシーズン マリンフォード編,piece.12,504–507,"September 5, 2012",[320],,,,,,,,,,,,,,
,,,,,,,,,,,,,,,,,,,,14THシーズン マリンフォード編,piece.13,508–511,"October 3, 2012",[321],,,,,,,,,,,,,,
,,,,,,,,,,,,,,,,,,,,14THシーズン マリンフォード編,piece.14,512–516,"November 11, 2012",[322],,,,,,,,,,,,,,
,,,,,,,,,,,,,,,,,,,,時代劇SP｢ルフィ親分捕物帖2｣通常版,時代劇SP｢ルフィ親分捕物帖2｣通常版,"291–292, 303","August 1, 2007",[323],,,,,,,,,,,,,,
,,,,,,,,,,,,,,,,,,,,9thシーズン特別篇「麦わら劇場&麦わら海賊譚」,9thシーズン特別篇「麦わら劇場&麦わら海賊譚」,279–283,"May 23, 2008",[324],,,,,,,,,,,,,,
,,,,,,,,,,,,,,,,,,,,ONE PIECE FILM STRONG WORLD 連動特別篇　金獅子の野望,ONE PIECE FILM STRONG WORLD 連動特別篇　金獅子の野望,426–429,"July 23, 2010",[325],,,,,,,,,,,,,,
,,,,,,,,,,,,,,,,,,,,ONE PIECE ワンピース・ヒーロースペシャル!,ONE PIECE ワンピース・ヒーロースペシャル!,"336, 492","November 21, 2011",[326],,,,,,,,,,,,,,
,,,,,,,,,,,,,,,,,,,,ワンピース時代劇スペシャル『麦わらのルフィ親分捕物帖3』,ワンピース時代劇スペシャル『麦わらのルフィ親分捕物帖3』,406–407,"October 26, 2012",[327],,,,,,,,,,,,,,
,,,,,,,,,,,,,,,,,,,,トリコ×ワンピース コラボスペシャル完全版,トリコ×ワンピース コラボスペシャル完全版,"492, 542","October 26, 2012",[328],,,,,,,,,,,,,,
,,,,,,,,,,,,,,,,,,,,ONE PIECE Log Collection,"""NICO ROBIN""","264–278, 284","July 27, 2012",[329],,,,,,,,,,,,,,
,,,,,,,,,,,,,,,,,,,,ONE PIECE Log Collection,"""CP9""","285–290, 293–302, 304–306","July 27, 2012",[330],,,,,,,,,,,,,,
,,,,,,,,,,,,,,,,,,,,ONE PIECE Log Collection,"""FRANKY""",307–325,"August 24, 2012",[331],,,,,,,,,,,,,,
,,,,,,,,,,,,,,,,,,,,ONE PIECE Log Collection,"""THRILLER BARK""",337–349,"August 24, 2012",[332],,,,,,,,,,,,,,
,,,,,,,,,,,,,,,,,,,,ONE PIECE Log Collection,"""OARS""",350–363,"December 21, 2012",[333],,,,,,,,,,,,,,
,,,,,,,,,,,,,,,,,,,,ONE PIECE Log Collection,"""BROOK""",364–381,"December 21, 2012",[334],,,,,,,,,,,,,,
,,,,,,,,,,,,,,,,,,,,ONE PIECE Log Collection,"""SHABODY""",384–393,"July 26, 2013",[335],,,,,,,,,,,,,,
,,,,,,,,,,,,,,,,,,,,ONE PIECE Log Collection,"""ROOKIES""",394–405,"August 23, 2013",[336],,,,,,,,,,,,,,
,,,,,,,,,,,,,,,,,,,,ONE PIECE Log Collection,"""HANCOCK""",408–421,"December 20, 2013",[337],,,,,,,,,,,,,,
,,,,,,,,,,,,,,,,,,,,ONE PIECE Log Collection,"""IMPEL DOWN""","422–425, 430-441","July 25, 2014",[338],,,,,,,,,,,,,,
,,,,,,,,,,,,,,,,,,,,ONE PIECE Log Collection,"""MAGELLAN""",442–458,"July 25, 2014",[339],,,,,,,,,,,,,,
,,,,,,,,,,,,,,,,,,,,ONE PIECE Log Collection,"""MARINEFORD""",459–476,"August 22, 2014",[340],,,,,,,,,,,,,,
,,,,,,,,,,,,,,,,,,,,ONE PIECE Log Collection,"""ACE""","477-491, 493–496","August 22, 2014",[341],,,,,,,,,,,,,,
,,,,,,,,,,,,,,,,,,,,ONE PIECE Log Collection,"""PROMISE""",497–516,"September 26, 2014",[342],,,,,,,,,,,,,,
,,,,,,,,,,,,,,,,,,,,ONE PIECE Log Collection Special,"""JIDAIGEKI""","SP4, 291-292, 303, 406-407","October 23, 2015",[343],,,,,,,,,,,,,,
,,,,,,,,,,,,,,,,,,,,,,,,,,Season Five,Voyage One,264–275,"July 23, 2013",,"September 18, 2013",ISBN N/A,[344],,,,,
,,,,,,,,,,,,,,,,,,,,,,,,,,Season Five,Voyage Two,276–287,"September 3, 2013",,"November 20, 2013",ISBN N/A,[345],,,,,
,,,,,,,,,,,,,,,,,,,,,,,,,,Season Five,Voyage Three,288–299,"October 15, 2013",,"February 19, 2014",ISBN N/A,[346],,,,,
,,,,,,,,,,,,,,,,,,,,,,,,,,Season Five,Voyage Four,300–312,"December 3, 2013",,"May 21, 2014",ISBN N/A,[347],,,,,
,,,,,,,,,,,,,,,,,,,,,,,,,,Season Five,Voyage Five,313–324,"January 14, 2014",,"June 18, 2014",ISBN N/A,[348],,,,,
,,,,,,,,,,,,,,,,,,,,,,,,,,Season Five,Voyage Six,325–336,"March 4, 2014",,"July 23, 2014",ISBN N/A,[349],,,,,
,,,,,,,,,,,,,,,,,,,,,,,,,,Season Six,Voyage One,337–348,"September 30, 2014",,"January 7, 2015",ISBN N/A,[350][351],,,,,
,,,,,,,,,,,,,,,,,,,,,,,,,,Season Six,Voyage Two,349–360,"November 18, 2014",,"February 18, 2015",ISBN N/A,[352][353],,,,,
,,,,,,,,,,,,,,,,,,,,,,,,,,Season Six,Voyage Three,361–372,"January 13, 2015",,"May 20, 2015",ISBN N/A,[354][355],,,,,
,,,,,,,,,,,,,,,,,,,,,,,,,,Season Six,Voyage Four,373–384,"April 7, 2015",,"June 10, 2015",ISBN N/A,[356][357],,,,,
,,,,,,,,,,,,,,,,,,,,,,,,,,Season Seven,Voyage One,385–396,"July 14, 2015",,"September 9, 2015",ISBN N/A,[358][359],,,,,
,,,,,,,,,,,,,,,,,,,,,,,,,,Season Seven,Voyage Two,397–409,"September 1, 2015",,"November 18, 2015",ISBN N/A,[360][361],,,,,
,,,,,,,,,,,,,,,,,,,,,,,,,,Season Seven,Voyage Three,410–421,"October 27, 2015",,"January 13, 2016",ISBN N/A,[362][363],,,,,
,,,,,,,,,,,,,,,,,,,,,,,,,,Season Seven,Voyage Four,422–433,"December 15, 2015",,"March 2, 2016",ISBN N/A,[364][365],,,,,
,,,,,,,,,,,,,,,,,,,,,,,,,,Season Seven,Voyage Five,434–445,"January 26, 2016",,"April 4, 2016",ISBN N/A,[366][367],,,,,
,,,,,,,,,,,,,,,,,,,,,,,,,,Season Seven,Voyage Six,446–456,"April 26, 2016",,"July 6, 2016",ISBN N/A,[368][369],,,,,
,,,,,,,,,,,,,,,,,,,,,,,,,,Season Eight,Voyage One,457–468,"May 31, 2016",,"October 5, 2016",ISBN N/A,[366][367],,,,,
,,,,,,,,,,,,,,,,,,,,,,,,,,Season Eight,Voyage Two,469–480,"July 26, 2016",,"November 2, 2016",ISBN N/A,[368][369],,,,,
,,,,,,,,,,,,,,,,,,,,,,,,,,Season Eight,Voyage Three,481–491,"September 20, 2016",,"December 7, 2016",ISBN N/A,[370][371],,,,,
,,,,,,,,,,,,,,,,,,,,,,,,,,Season Eight,Voyage Four,493–504,"November 8, 2016",,"January 11, 2017",ISBN N/A,[372][373],,,,,
,,,,,,,,,,,,,,,,,,,,,,,,,,Season Eight,Voyage Five,505–516,"December 13, 2016",,"March 8, 2017",ISBN N/A,[374][375],,,,,
,,,,,,,,,,,,,,,,,,,,,,,,,,Collection,11,253–275,"February 3, 2015","August 10, 2015",,ISBN N/A,[376][377],,,,,
,,,,,,,,,,,,,,,,,,,,,,,,,,Collection,12,276–299,"April 21, 2015","December 28, 2015",,ISBN N/A,[378][379],,,,,
,,,,,,,,,,,,,,,,,,,,,,,,,,Collection,13,300–324,"July 14, 2015","March 28, 2016",,ISBN N/A,[380][381],,,,,
,,,,,,,,,,,,,,,,,,,,,,,,,,Collection,14,325–348,"November 10, 2015","July 25, 2016",,ISBN N/A,[382][383],,,,,
,,,,,,,,,,,,,,,,,,,,,,,,,,Collection,15,349–372,"March 22, 2016","January 23, 2017",,ISBN N/A,[384][385],,,,,
,,,,,,,,,,,,,,,,,,,,,,,,,,Collection,16,373–396,"June 28, 2016","March 27, 2017",,ISBN N/A,[386],,,,,
,,,,,,,,,,,,,,,,,,,,,,,,,,Collection,17,397–421,"October 11, 2016","June 25, 2018",,ISBN N/A,[387][388],,,,,
,,,,,,,,,,,,,,,,,,,,,,,,,,Collection,18,422–445,"February 14, 2017","August 20, 2018",,ISBN N/A,[389],,,,,
,,,,,,,,,,,,,,,,,,,,,,,,,,Collection,19,446–468,"May 23, 2017","October 22, 2018",,ISBN N/A,[390],,,,,
,,,,,,,,,,,,,,,,,,,,,,,,,,Collection,20,469–491,"September 19, 2017","December 17, 2018",,ISBN N/A,[391],,,,,
,,,,,,,,,,,,,,,,,,,,,,,,,,Collection,21,493–516,"December 5, 2017","March 16, 2020",,ISBN N/A,[392][393],,,,,
,,,,,,,,,,,,,,,,,,,,,,,,,,Collection Box,Three,206–299,"March 31, 2015",,"December 7, 2016",ISBN N/A,[394],,,,,
,,,,,,,,,,,,,,,,,,,,,,,,,,Collection Box,Four,300–396,,,"December 7, 2016",ISBN N/A,[395],,,,,
,,,,,,,,,,,,,,,,,,,,,,,,,,Collection Box,Five,397–491,,,"September 6, 2017",ISBN N/A,[396],,,,,
,,,,,,,,,,,,,,,,,,,,,,,,,,Voyage Collection,6,253–299,,,"January 10, 2018",ISBN N/A,[397],,,,,
,,,,,,,,,,,,,,,,,,,,,,,,,,Voyage Collection,7,300–348,,,"February 21, 2018",ISBN N/A,[398],,,,,
,,,,,,,,,,,,,,,,,,,,,,,,,,Voyage Collection,8,349–396,,,"March 7, 2018",ISBN N/A,[399],,,,,
,,,,,,,,,,,,,,,,,,,,,,,,,,Voyage Collection,9,397–445,,,"May 9, 2018",ISBN N/A,[400],,,,,
,,,,,,,,,,,,,,,,,,,,,,,,,,Voyage Collection,10,446–491,,,"July 4, 2018",ISBN N/A,[401],,,,,
,,,,,,,,,,,,,,,,,,,,,,,,,,,,,,,,,,Media,"Manga Volumes Chapters 1–186 187–388 389–594 595–806 807–1015 1016–current Wanted! Monsters Koisuru One Piece AnimeEpisodes First list Season 1 2 3 4 5 6 7 8 Second list 9 10 11 12 13 14 Third list 15 16 17 18 19 Fourth list 20 ""Luffy's Peak - Attained! Fifth Gear"" 21 Films One Piece Dead End no Bōken The Cursed Holy Sword Baron Omatsuri and the Secret Island The Desert Princess and the Pirates: Adventures in Alabasta Strong World Z Gold Stampede Red Music ""Lost Man/Sailing Day"" ""Mirai Kōkai"" ""Crazy Rainbow"" ""Share the World / We Are!"" ""Fight Together"" Uta's Songs: One Piece Film Red ""New Genesis"" ""I'm Invincible"" Other Television specials Video games Become The Pirate King! Grand Battle! (2001) Set Sail Pirate Crew! Grand Battle! 2 Grand Battle! (2005) One Piece Pirates' Carnival Grand Adventure Unlimited Adventure Unlimited Cruise Grand Collection Pirate Warriors 1 2 3 4 Romance Dawn Unlimited World Red Treasure Cruise Burning Blood Bounty Rush World Seeker Odyssey Related Jump Super Stars Jump Ultimate Stars Battle Stadium D.O.N J-Stars Victory VS Jump Force Other Live-action series soundtrack Tokyo One Piece Tower Super Kabuki II: One Piece Card Game One Piece: Heroines",,,
,,,,,,,,,,,,,,,,,,,,,,,,,,,,,,,,,,Manga,Volumes Chapters 1–186 187–388 389–594 595–806 807–1015 1016–current Wanted! Monsters Koisuru One Piece,,,
,,,,,,,,,,,,,,,,,,,,,,,,,,,,,,,,,,Anime,"Episodes First list Season 1 2 3 4 5 6 7 8 Second list 9 10 11 12 13 14 Third list 15 16 17 18 19 Fourth list 20 ""Luffy's Peak - Attained! Fifth Gear"" 21 Films One Piece Dead End no Bōken The Cursed Holy Sword Baron Omatsuri and the Secret Island The Desert Princess and the Pirates: Adventures in Alabasta Strong World Z Gold Stampede Red Music ""Lost Man/Sailing Day"" ""Mirai Kōkai"" ""Crazy Rainbow"" ""Share the World / We Are!"" ""Fight Together"" Uta's Songs: One Piece Film Red ""New Genesis"" ""I'm Invincible"" Other Television specials",,,
,,,,,,,,,,,,,,,,,,,,,,,,,,,,,,,,,,Episodes,"First list Season 1 2 3 4 5 6 7 8 Second list 9 10 11 12 13 14 Third list 15 16 17 18 19 Fourth list 20 ""Luffy's Peak - Attained! Fifth Gear"" 21",,,
,,,,,,,,,,,,,,,,,,,,,,,,,,,,,,,,,,Films,One Piece Dead End no Bōken The Cursed Holy Sword Baron Omatsuri and the Secret Island The Desert Princess and the Pirates: Adventures in Alabasta Strong World Z Gold Stampede Red,,,
,,,,,,,,,,,,,,,,,,,,,,,,,,,,,,,,,,Music,"""Lost Man/Sailing Day"" ""Mirai Kōkai"" ""Crazy Rainbow"" ""Share the World / We Are!"" ""Fight Together"" Uta's Songs: One Piece Film Red ""New Genesis"" ""I'm Invincible""",,,
,,,,,,,,,,,,,,,,,,,,,,,,,,,,,,,,,,Other,Television specials,,,
,,,,,,,,,,,,,,,,,,,,,,,,,,,,,,,,,,Video games,Become The Pirate King! Grand Battle! (2001) Set Sail Pirate Crew! Grand Battle! 2 Grand Battle! (2005) One Piece Pirates' Carnival Grand Adventure Unlimited Adventure Unlimited Cruise Grand Collection Pirate Warriors 1 2 3 4 Romance Dawn Unlimited World Red Treasure Cruise Burning Blood Bounty Rush World Seeker Odyssey Related Jump Super Stars Jump Ultimate Stars Battle Stadium D.O.N J-Stars Victory VS Jump Force,,,
,,,,,,,,,,,,,,,,,,,,,,,,,,,,,,,,,,Become The Pirate King! Grand Battle! (2001) Set Sail Pirate Crew! Grand Battle! 2 Grand Battle! (2005) One Piece Pirates' Carnival Grand Adventure Unlimited Adventure Unlimited Cruise Grand Collection Pirate Warriors 1 2 3 4 Romance Dawn Unlimited World Red Treasure Cruise Burning Blood Bounty Rush World Seeker Odyssey,Become The Pirate King! Grand Battle! (2001) Set Sail Pirate Crew! Grand Battle! 2 Grand Battle! (2005) One Piece Pirates' Carnival Grand Adventure Unlimited Adventure Unlimited Cruise Grand Collection Pirate Warriors 1 2 3 4 Romance Dawn Unlimited World Red Treasure Cruise Burning Blood Bounty Rush World Seeker Odyssey,,,
,,,,,,,,,,,,,,,,,,,,,,,,,,,,,,,,,,Related,Jump Super Stars Jump Ultimate Stars Battle Stadium D.O.N J-Stars Victory VS Jump Force,,,
,,,,,,,,,,,,,,,,,,,,,,,,,,,,,,,,,,Other,Live-action series soundtrack Tokyo One Piece Tower Super Kabuki II: One Piece Card Game One Piece: Heroines,,,
,,,,,,,,,,,,,,,,,,,,,,,,,,,,,,,,,,Characters,Monkey D. Luffy Roronoa Zoro Nami Usopp Sanji Tony Tony Chopper Nico Robin Franky Brook,,,
,,,,,,,,,,,,,,,,,,,,,,,,,,,,,,,,,,Related,Straw Hat Pirates' Jolly Roger Onepiece,,,
,,,,,,,,,,,,,,,,,,,,,,,,,,,,,,,,,,Category,Category,Category,,
,,,,,,,,,,,,,,,,,,,,,,,,,,,,,,,,,,,,,Manga,Volumes Chapters 1–186 187–388 389–594 595–806 807–1015 1016–current Wanted! Monsters Koisuru One Piece
,,,,,,,,,,,,,,,,,,,,,,,,,,,,,,,,,,,,,Anime,"Episodes First list Season 1 2 3 4 5 6 7 8 Second list 9 10 11 12 13 14 Third list 15 16 17 18 19 Fourth list 20 ""Luffy's Peak - Attained! Fifth Gear"" 21 Films One Piece Dead End no Bōken The Cursed Holy Sword Baron Omatsuri and the Secret Island The Desert Princess and the Pirates: Adventures in Alabasta Strong World Z Gold Stampede Red Music ""Lost Man/Sailing Day"" ""Mirai Kōkai"" ""Crazy Rainbow"" ""Share the World / We Are!"" ""Fight Together"" Uta's Songs: One Piece Film Red ""New Genesis"" ""I'm Invincible"" Other Television specials"
,,,,,,,,,,,,,,,,,,,,,,,,,,,,,,,,,,,,,Episodes,"First list Season 1 2 3 4 5 6 7 8 Second list 9 10 11 12 13 14 Third list 15 16 17 18 19 Fourth list 20 ""Luffy's Peak - Attained! Fifth Gear"" 21"
,,,,,,,,,,,,,,,,,,,,,,,,,,,,,,,,,,,,,Films,One Piece Dead End no Bōken The Cursed Holy Sword Baron Omatsuri and the Secret Island The Desert Princess and the Pirates: Adventures in Alabasta Strong World Z Gold Stampede Red
,,,,,,,,,,,,,,,,,,,,,,,,,,,,,,,,,,,,,Music,"""Lost Man/Sailing Day"" ""Mirai Kōkai"" ""Crazy Rainbow"" ""Share the World / We Are!"" ""Fight Together"" Uta's Songs: One Piece Film Red ""New Genesis"" ""I'm Invincible"""
,,,,,,,,,,,,,,,,,,,,,,,,,,,,,,,,,,,,,Other,Television specials
,,,,,,,,,,,,,,,,,,,,,,,,,,,,,,,,,,,,,Video games,Become The Pirate King! Grand Battle! (2001) Set Sail Pirate Crew! Grand Battle! 2 Grand Battle! (2005) One Piece Pirates' Carnival Grand Adventure Unlimited Adventure Unlimited Cruise Grand Collection Pirate Warriors 1 2 3 4 Romance Dawn Unlimited World Red Treasure Cruise Burning Blood Bounty Rush World Seeker Odyssey Related Jump Super Stars Jump Ultimate Stars Battle Stadium D.O.N J-Stars Victory VS Jump Force
,,,,,,,,,,,,,,,,,,,,,,,,,,,,,,,,,,,,,Become The Pirate King! Grand Battle! (2001) Set Sail Pirate Crew! Grand Battle! 2 Grand Battle! (2005) One Piece Pirates' Carnival Grand Adventure Unlimited Adventure Unlimited Cruise Grand Collection Pirate Warriors 1 2 3 4 Romance Dawn Unlimited World Red Treasure Cruise Burning Blood Bounty Rush World Seeker Odyssey,Become The Pirate King! Grand Battle! (2001) Set Sail Pirate Crew! Grand Battle! 2 Grand Battle! (2005) One Piece Pirates' Carnival Grand Adventure Unlimited Adventure Unlimited Cruise Grand Collection Pirate Warriors 1 2 3 4 Romance Dawn Unlimited World Red Treasure Cruise Burning Blood Bounty Rush World Seeker Odyssey
,,,,,,,,,,,,,,,,,,,,,,,,,,,,,,,,,,,,,Related,Jump Super Stars Jump Ultimate Stars Battle Stadium D.O.N J-Stars Victory VS Jump Force
,,,,,,,,,,,,,,,,,,,,,,,,,,,,,,,,,,,,,Other,Live-action series soundtrack Tokyo One Piece Tower Super Kabuki II: One Piece Card Game One Piece: Heroines
,,,,,,,,,,,,,,,,,,,,,,,,,,,,,,,,,,,,,Episodes,"First list Season 1 2 3 4 5 6 7 8 Second list 9 10 11 12 13 14 Third list 15 16 17 18 19 Fourth list 20 ""Luffy's Peak - Attained! Fifth Gear"" 21"
,,,,,,,,,,,,,,,,,,,,,,,,,,,,,,,,,,,,,Films,One Piece Dead End no Bōken The Cursed Holy Sword Baron Omatsuri and the Secret Island The Desert Princess and the Pirates: Adventures in Alabasta Strong World Z Gold Stampede Red
,,,,,,,,,,,,,,,,,,,,,,,,,,,,,,,,,,,,,Music,"""Lost Man/Sailing Day"" ""Mirai Kōkai"" ""Crazy Rainbow"" ""Share the World / We Are!"" ""Fight Together"" Uta's Songs: One Piece Film Red ""New Genesis"" ""I'm Invincible"""
,,,,,,,,,,,,,,,,,,,,,,,,,,,,,,,,,,,,,Other,Television specials
,,,,,,,,,,,,,,,,,,,,,,,,,,,,,,,,,,,,,Become The Pirate King! Grand Battle! (2001) Set Sail Pirate Crew! Grand Battle! 2 Grand Battle! (2005) One Piece Pirates' Carnival Grand Adventure Unlimited Adventure Unlimited Cruise Grand Collection Pirate Warriors 1 2 3 4 Romance Dawn Unlimited World Red Treasure Cruise Burning Blood Bounty Rush World Seeker Odyssey,Become The Pirate King! Grand Battle! (2001) Set Sail Pirate Crew! Grand Battle! 2 Grand Battle! (2005) One Piece Pirates' Carnival Grand Adventure Unlimited Adventure Unlimited Cruise Grand Collection Pirate Warriors 1 2 3 4 Romance Dawn Unlimited World Red Treasure Cruise Burning Blood Bounty Rush World Seeker Odyssey
,,,,,,,,,,,,,,,,,,,,,,,,,,,,,,,,,,,,,Related,Jump Super Stars Jump Ultimate Stars Battle Stadium D.O.N J-Stars Victory VS Jump Force
